name,fips,rate,pct_pop_Fixed_25_Mbps_3_Mbps
Autauga County,1001,3,78.6%
Baldwin County,1003,3,83.7%
Barbour County,1005,2,55.0%
Bibb County,1007,1,13.8%
Blount County,1009,2,61.7%
Bullock County,1011,1,0.0%
Butler County,1013,2,55.0%
Calhoun County,1015,3,91.1%
Chambers County,1017,3,81.6%
Cherokee County,1019,3,98.6%
Chilton County,1021,2,51.4%
Choctaw County,1023,1,15.6%
Clarke County,1025,2,51.7%
Clay County,1027,1,34.1%
Cleburne County,1029,2,7.0%
Coffee County,1031,3,88.5%
Colbert County,1033,3,78.9%
Conecuh County,1035,1,27.1%
Coosa County,1037,3,72.5%
Covington County,1039,1,20.7%
Crenshaw County,1041,2,58.5%
Cullman County,1043,3,72.1%
Dale County,1045,3,91.7%
Dallas County,1047,3,75.4%
DeKalb County,1049,3,96.4%
Elmore County,1051,3,91.0%
Escambia County,1053,2,61.6%
Etowah County,1055,3,94.7%
Fayette County,1057,1,16.1%
Franklin County,1059,2,63.0%
Geneva County,1061,2,53.1%
Greene County,1063,1,0.0%
Hale County,1065,2,48.6%
Henry County,1067,2,55.7%
Houston County,1069,3,86.6%
Jackson County,1071,3,92.2%
Jefferson County,1073,3,98.1%
Lamar County,1075,1,32.8%
Lauderdale County,1077,3,71.8%
Lawrence County,1079,2,52.5%
Lee County,1081,3,95.8%
Limestone County,1083,3,92.2%
Lowndes County,1085,1,11.5%
Macon County,1087,2,59.8%
Madison County,1089,3,95.1%
Marengo County,1091,1,10.4%
Marion County,1093,1,27.0%
Marshall County,1095,3,94.1%
Mobile County,1097,3,92.5%
Monroe County,1099,2,50.2%
Montgomery County,1101,3,97.0%
Morgan County,1103,3,89.8%
Perry County,1105,1,0.0%
Pickens County,1107,1,26.9%
Pike County,1109,3,89.1%
Randolph County,1111,2,49.1%
Russell County,1113,3,89.5%
Shelby County,1117,3,91.7%
St. Clair County,1115,3,76.2%
Sumter County,1119,2,43.0%
Talladega County,1121,3,74.1%
Tallapoosa County,1123,3,91.0%
Tuscaloosa County,1125,3,90.4%
Walker County,1127,3,74.3%
Washington County,1129,1,12.7%
Wilcox County,1131,1,37.3%
Winston County,1133,1,31.6%
Aleutians East Borough,2013,1,0.0%
Aleutians West Census Area,2016,1,0.0%
Anchorage Municipality,2020,3,99.3%
Bethel Census Area,2050,1,0.0%
Bristol Bay Borough,2060,1,0.0%
Denali Borough,2068,1,29.7%
Dillingham Census Area,2070,1,0.0%
Fairbanks North Star Borough,2090,3,85.1%
Haines Borough,2100,1,0.0%
Hoonah-Angoon Census Area,2105,1,0.0%
Juneau City and Borough,2110,3,99.3%
Kenai Peninsula Borough,2122,2,61.4%
Ketchikan Gateway Borough,2130,3,99.0%
Kodiak Island Borough,2150,3,85.3%
Lake and Peninsula Borough,2164,1,0.0%
Matanuska-Susitna Borough,2170,3,84.0%
Nome Census Area,2180,1,0.0%
North Slope Borough,2185,1,0.0%
Northwest Arctic Borough,2188,1,0.0%
Petersburg Census Area,02NA,3,81.3%
Prince of Wales-Hyder Census Area,2198,1,0.0%
Sitka City and Borough,2220,3,97.8%
Skagway Municipality,2230,1,0.0%
Southeast Fairbanks Census Area,2240,1,30.1%
Valdez-Cordova Census Area,2261,2,60.3%
Wade Hampton Census Area,02NA,1,0.0%
Wrangell City and Borough,2275,3,90.0%
Yakutat City and Borough,2282,1,0.0%
Yukon-Koyukuk Census Area,2290,1,0.0%
Apache County,4001,1,0.0%
Cochise County,4003,2,57.4%
Coconino County,4005,2,53.4%
Gila County,4007,2,65.7%
Graham County,4009,2,66.7%
Greenlee County,4011,2,50.2%
La Paz County,4012,2,40.2%
Maricopa County,4013,3,92.2%
Mohave County,4015,3,76.5%
Navajo County,4017,2,44.6%
Pima County,4019,3,91.2%
Pinal County,4021,2,67.6%
Santa Cruz County,4023,3,78.6%
Yavapai County,4025,3,77.5%
Yuma County,4027,3,83.5%
Arkansas County,5001,1,26.5%
Ashley County,5003,1,23.9%
Baxter County,5005,3,76.9%
Benton County,5007,3,88.1%
Boone County,5009,3,83.7%
Bradley County,5011,2,61.8%
Calhoun County,5013,2,5.7%
Carroll County,5015,2,63.7%
Chicot County,5017,2,54.5%
Clark County,5019,3,71.8%
Clay County,5021,2,59.2%
Cleburne County,5023,3,99.2%
Cleveland County,5025,3,82.6%
Columbia County,5027,2,62.6%
Conway County,5029,1,100.0%
Craighead County,5031,3,83.7%
Crawford County,5033,3,84.3%
Crittenden County,5035,3,79.5%
Cross County,5037,2,57.9%
Dallas County,5039,1,36.0%
Desha County,5041,2,69.8%
Drew County,5043,2,69.8%
Faulkner County,5045,3,99.9%
Franklin County,5047,1,20.2%
Fulton County,5049,1,26.4%
Garland County,5051,3,96.7%
Grant County,5053,2,45.9%
Greene County,5055,3,71.6%
Hempstead County,5057,2,58.3%
Hot Spring County,5059,2,50.4%
Howard County,5061,3,8.8%
Independence County,5063,3,70.1%
Izard County,5065,2,48.6%
Jackson County,5067,3,75.9%
Jefferson County,5069,2,55.7%
Johnson County,5071,2,50.8%
Lafayette County,5073,1,13.7%
Lawrence County,5075,2,42.9%
Lee County,5077,1,27.7%
Lincoln County,5079,1,2.9%
Little River County,5081,2,51.7%
Logan County,5083,1,25.3%
Lonoke County,5085,3,72.4%
Madison County,5087,1,17.6%
Marion County,5089,2,42.3%
Miller County,5091,3,88.4%
Mississippi County,5093,3,73.4%
Monroe County,5095,1,13.1%
Montgomery County,5097,2,43.7%
Nevada County,5099,1,36.7%
Newton County,5101,2,60.3%
Ouachita County,5103,2,48.5%
Perry County,5105,3,96.3%
Phillips County,5107,3,78.4%
Pike County,5109,2,40.9%
Poinsett County,5111,2,62.8%
Polk County,5113,2,60.9%
Pope County,5115,3,88.8%
Prairie County,5117,1,17.2%
Pulaski County,5119,3,96.7%
Randolph County,5121,2,60.8%
Saline County,5125,3,90.6%
Scott County,5127,2,44.7%
Searcy County,5129,3,98.4%
Sebastian County,5131,3,93.2%
Sevier County,5133,3,73.8%
Sharp County,5135,2,60.6%
St. Francis County,5123,1,36.2%
Stone County,5137,3,87.3%
Union County,5139,3,70.0%
Van Buren County,5141,3,99.6%
Washington County,5143,3,90.6%
White County,5145,2,68.1%
Woodruff County,5147,2,40.8%
Yell County,5149,3,76.3%
Alameda County,6001,3,98.9%
Alpine County,6003,1,10.2%
Amador County,6005,2,68.0%
Butte County,6007,3,88.1%
Calaveras County,6009,3,89.0%
Colusa County,6011,1,33.1%
Contra Costa County,6013,3,97.6%
Del Norte County,6015,3,93.6%
El Dorado County,6017,3,98.3%
Fresno County,6019,3,86.0%
Glenn County,6021,2,64.9%
Humboldt County,6023,3,74.8%
Imperial County,6025,3,81.1%
Inyo County,6027,3,79.0%
Kern County,6029,3,89.1%
Kings County,6031,3,71.4%
Lake County,6033,3,84.2%
Lassen County,6035,2,46.0%
Los Angeles County,6037,3,99.1%
Madera County,6039,2,69.0%
Marin County,6041,3,95.4%
Mariposa County,6043,1,16.3%
Mendocino County,6045,3,72.6%
Merced County,6047,3,80.8%
Modoc County,6049,1,13.1%
Mono County,6051,1,16.7%
Monterey County,6053,3,76.5%
Napa County,6055,3,92.6%
Nevada County,6057,3,74.2%
Orange County,6059,3,97.8%
Placer County,6061,3,95.6%
Plumas County,6063,1,17.0%
Riverside County,6065,3,94.8%
Sacramento County,6067,3,97.3%
San Benito County,6069,3,93.6%
San Bernardino County,6071,3,93.9%
San Diego County,6073,3,94.2%
San Francisco County,6075,3,98.8%
San Joaquin County,6077,3,94.7%
San Luis Obispo County,6079,3,90.0%
San Mateo County,6081,3,98.5%
Santa Barbara County,6083,3,91.5%
Santa Clara County,6085,1,100.0%
Santa Cruz County,6087,1,100.0%
Shasta County,6089,3,74.8%
Sierra County,6091,2,6.5%
Siskiyou County,6093,1,3.3%
Solano County,6095,3,94.8%
Sonoma County,6097,3,95.7%
Stanislaus County,6099,3,93.3%
Sutter County,6101,3,90.5%
Tehama County,6103,2,49.7%
Trinity County,6105,1,20.9%
Tulare County,6107,2,63.3%
Tuolumne County,6109,3,85.0%
Ventura County,6111,3,97.3%
Yolo County,6113,3,96.5%
Yuba County,6115,3,79.8%
Adams County,8001,3,98.5%
Alamosa County,8003,2,67.5%
Arapahoe County,8005,3,98.3%
Archuleta County,8007,1,24.2%
Baca County,8009,2,50.3%
Bent County,8011,1,2.7%
Boulder County,8013,3,96.8%
Broomfield County,8014,1,100.0%
Chaffee County,8015,2,69.5%
Cheyenne County,8017,3,81.3%
Clear Creek County,8019,3,95.7%
Conejos County,8021,1,0.4%
Costilla County,8023,2,43.9%
Crowley County,8025,1,1.4%
Custer County,8027,3,98.5%
Delta County,8029,3,98.3%
Denver County,8031,3,99.4%
Dolores County,8033,1,11.1%
Douglas County,8035,3,96.1%
Eagle County,8037,3,85.3%
El Paso County,8041,3,97.0%
Elbert County,8039,3,89.6%
Fremont County,8043,3,88.8%
Garfield County,8045,3,96.9%
Gilpin County,8047,3,99.7%
Grand County,8049,2,68.7%
Gunnison County,8051,3,87.8%
Hinsdale County,8053,2,45.5%
Huerfano County,8055,3,83.3%
Jackson County,8057,1,0.0%
Jefferson County,8059,3,99.5%
Kiowa County,8061,1,0.0%
Kit Carson County,8063,2,41.5%
La Plata County,8067,2,61.6%
Lake County,8065,3,89.1%
Larimer County,8069,3,97.9%
Las Animas County,8071,2,66.8%
Lincoln County,8073,1,0.3%
Logan County,8075,3,82.9%
Mesa County,8077,3,96.2%
Mineral County,8079,1,2.4%
Moffat County,8081,3,77.1%
Montezuma County,8083,2,62.1%
Montrose County,8085,3,93.4%
Morgan County,8087,3,84.7%
Otero County,8089,3,83.6%
Ouray County,8091,3,97.5%
Park County,8093,3,74.6%
Phillips County,8095,3,90.7%
Pitkin County,8097,3,94.9%
Prowers County,8099,3,72.2%
Pueblo County,8101,3,97.1%
Rio Blanco County,8103,3,70.2%
Rio Grande County,8105,2,43.0%
Routt County,8107,3,72.7%
Saguache County,8109,1,0.8%
San Juan County,8111,2,6.3%
San Miguel County,8113,2,65.2%
Sedgwick County,8115,3,72.5%
Summit County,8117,3,90.6%
Teller County,8119,3,97.6%
Washington County,8121,1,35.9%
Weld County,8123,3,98.9%
Yuma County,8125,1,26.9%
Fairfield County,9001,3,99.9%
Hartford County,9003,3,98.5%
Litchfield County,9005,3,99.7%
Middlesex County,9007,3,99.2%
New Haven County,9009,3,99.5%
New London County,9011,3,98.2%
Tolland County,9013,3,96.3%
Windham County,9015,3,99.1%
Kent County,10001,3,96.1%
New Castle County,10003,3,98.4%
Sussex County,10005,3,95.7%
District of Columbia,10NA,3,98.1%
Alachua County,12001,3,81.6%
Baker County,12003,3,82.6%
Bay County,12005,3,94.0%
Bradford County,12007,1,32.4%
Brevard County,12009,1,100.0%
Broward County,12011,3,98.0%
Calhoun County,12013,2,69.7%
Charlotte County,12015,3,90.0%
Citrus County,12017,3,94.0%
Clay County,12019,1,100.0%
Collier County,12021,3,95.4%
Columbia County,12023,3,80.2%
DeSoto County,12027,2,64.2%
Dixie County,12029,1,1.3%
Duval County,12031,1,100.0%
Escambia County,12033,3,94.1%
Flagler County,12035,3,96.2%
Franklin County,12037,3,82.3%
Gadsden County,12039,3,86.1%
Gilchrist County,12041,1,23.5%
Glades County,12043,2,63.0%
Gulf County,12045,3,80.2%
Hamilton County,12047,3,73.2%
Hardee County,12049,3,91.6%
Hendry County,12051,3,76.7%
Hernando County,12053,3,97.1%
Highlands County,12055,3,87.2%
Hillsborough County,12057,3,99.6%
Holmes County,12059,1,26.1%
Indian River County,12061,1,100.0%
Jackson County,12063,2,53.9%
Jefferson County,12065,1,26.2%
Lafayette County,12067,2,53.6%
Lake County,12069,1,100.0%
Lee County,12071,3,91.8%
Leon County,12073,3,95.0%
Levy County,12075,1,18.0%
Liberty County,12077,1,31.0%
Madison County,12079,2,61.4%
Manatee County,12081,3,98.8%
Marion County,12083,3,91.1%
Martin County,12085,1,100.0%
Miami-Dade County,12086,3,96.0%
Monroe County,12087,3,95.2%
Nassau County,12089,3,92.0%
Okaloosa County,12091,3,90.3%
Okeechobee County,12093,3,80.3%
Orange County,12095,1,100.0%
Osceola County,12097,1,100.0%
Palm Beach County,12099,3,96.8%
Pasco County,12101,3,98.2%
Pinellas County,12103,3,99.9%
Polk County,12105,3,94.8%
Putnam County,12107,3,76.3%
Santa Rosa County,12113,3,88.2%
Sarasota County,12115,3,96.0%
Seminole County,12117,1,100.0%
St. Johns County,12109,1,100.0%
St. Lucie County,12111,1,100.0%
Sumter County,12119,3,91.3%
Suwannee County,12121,3,80.6%
Taylor County,12123,2,64.9%
Union County,12125,2,56.8%
Volusia County,12127,1,100.0%
Wakulla County,12129,3,92.7%
Walton County,12131,3,74.7%
Washington County,12133,1,32.1%
Appling County,13001,2,46.5%
Atkinson County,13003,2,54.4%
Bacon County,13005,2,63.0%
Baker County,13007,1,0.0%
Baldwin County,13009,3,93.5%
Banks County,13011,2,65.1%
Barrow County,13013,3,98.4%
Bartow County,13015,3,93.3%
Ben Hill County,13017,3,88.4%
Berrien County,13019,3,78.2%
Bibb County,13021,3,95.3%
Bleckley County,13023,2,43.1%
Brantley County,13025,3,99.4%
Brooks County,13027,3,71.5%
Bryan County,13029,3,96.1%
Bulloch County,13031,2,67.7%
Burke County,13033,3,73.3%
Butts County,13035,2,68.1%
Calhoun County,13037,1,22.8%
Camden County,13039,3,93.0%
Candler County,13043,1,100.0%
Carroll County,13045,3,78.8%
Catoosa County,13047,3,98.9%
Charlton County,13049,2,56.0%
Chatham County,13051,3,95.2%
Chattahoochee County,13053,2,55.3%
Chattooga County,13055,3,94.9%
Cherokee County,13057,3,97.4%
Clarke County,13059,3,99.2%
Clay County,13061,2,51.1%
Clayton County,13063,3,98.6%
Clinch County,13065,2,50.8%
Cobb County,13067,3,97.7%
Coffee County,13069,3,85.5%
Colquitt County,13071,3,84.0%
Columbia County,13073,3,98.4%
Cook County,13075,3,75.4%
Coweta County,13077,3,95.2%
Crawford County,13079,3,92.0%
Crisp County,13081,2,68.9%
Dade County,13083,3,87.5%
Dawson County,13085,3,81.6%
DeKalb County,13089,3,98.7%
Decatur County,13087,2,64.2%
Dodge County,13091,2,51.1%
Dooly County,13093,2,65.0%
Dougherty County,13095,3,96.5%
Douglas County,13097,3,96.7%
Early County,13099,1,32.2%
Echols County,13101,1,0.0%
Effingham County,13103,3,93.7%
Elbert County,13105,3,80.1%
Emanuel County,13107,3,92.6%
Evans County,13109,2,58.4%
Fannin County,13111,3,80.1%
Fayette County,13113,3,97.7%
Floyd County,13115,3,92.9%
Forsyth County,13117,3,99.0%
Franklin County,13119,2,54.6%
Fulton County,13121,3,96.4%
Gilmer County,13123,3,80.9%
Glascock County,13125,1,0.0%
Glynn County,13127,3,96.6%
Gordon County,13129,3,83.3%
Grady County,13131,3,77.6%
Greene County,13133,2,62.6%
Gwinnett County,13135,3,98.8%
Habersham County,13137,2,68.4%
Hall County,13139,3,96.5%
Hancock County,13141,2,5.7%
Haralson County,13143,1,38.7%
Harris County,13145,3,86.8%
Hart County,13147,3,78.4%
Heard County,13149,2,55.4%
Henry County,13151,3,98.4%
Houston County,13153,3,97.1%
Irwin County,13155,2,48.1%
Jackson County,13157,3,75.4%
Jasper County,13159,1,31.6%
Jeff Davis County,13161,2,57.4%
Jefferson County,13163,2,6.2%
Jenkins County,13165,2,54.6%
Johnson County,13167,1,29.3%
Jones County,13169,3,81.8%
Lamar County,13171,2,68.9%
Lanier County,13173,3,79.5%
Laurens County,13175,2,59.5%
Lee County,13177,3,86.3%
Liberty County,13179,3,93.6%
Lincoln County,13181,1,100.0%
Long County,13183,3,77.4%
Lowndes County,13185,3,81.1%
Lumpkin County,13187,3,74.1%
Macon County,13193,2,60.1%
Madison County,13195,3,76.5%
Marion County,13197,2,58.7%
McDuffie County,13189,3,90.9%
McIntosh County,13191,3,97.4%
Meriwether County,13199,2,49.8%
Miller County,13201,3,8.2%
Mitchell County,13205,2,59.6%
Monroe County,13207,1,38.6%
Montgomery County,13209,1,25.4%
Morgan County,13211,1,36.3%
Murray County,13213,3,96.3%
Muscogee County,13215,3,98.3%
Newton County,13217,3,93.7%
Oconee County,13219,3,86.1%
Oglethorpe County,13221,2,67.1%
Paulding County,13223,3,97.5%
Peach County,13225,3,82.5%
Pickens County,13227,3,88.7%
Pierce County,13229,3,73.4%
Pike County,13231,1,22.5%
Polk County,13233,3,93.2%
Pulaski County,13235,3,72.7%
Putnam County,13237,3,86.8%
Quitman County,13239,2,53.1%
Rabun County,13241,3,82.2%
Randolph County,13243,2,63.8%
Richmond County,13245,3,96.0%
Rockdale County,13247,3,97.9%
Schley County,13249,3,70.1%
Screven County,13251,3,98.1%
Seminole County,13253,3,72.1%
Spalding County,13255,3,95.8%
Stephens County,13257,3,86.7%
Stewart County,13259,2,5.3%
Sumter County,13261,3,71.9%
Talbot County,13263,3,80.3%
Taliaferro County,13265,3,91.1%
Tattnall County,13267,2,68.5%
Taylor County,13269,3,86.0%
Telfair County,13271,2,64.6%
Terrell County,13273,3,72.2%
Thomas County,13275,3,87.5%
Tift County,13277,3,84.9%
Toombs County,13279,2,43.7%
Towns County,13281,3,89.5%
Treutlen County,13283,1,12.5%
Troup County,13285,3,88.9%
Turner County,13287,2,69.1%
Twiggs County,13289,1,33.5%
Union County,13291,3,89.1%
Upson County,13293,3,91.3%
Walker County,13295,3,94.5%
Walton County,13297,3,83.8%
Ware County,13299,3,82.2%
Warren County,13301,1,0.0%
Washington County,13303,2,63.4%
Wayne County,13305,3,79.5%
Webster County,13307,1,33.3%
Wheeler County,13309,1,38.8%
White County,13311,3,75.4%
Whitfield County,13313,1,100.0%
Wilcox County,13315,2,57.3%
Wilkes County,13317,1,100.0%
Wilkinson County,13319,2,52.4%
Worth County,13321,2,61.2%
Hawaii County,15001,3,81.7%
Honolulu County,15003,3,98.7%
Kalawao County,15005,2,5.7%
Kauai County,15007,3,91.3%
Maui County,15009,3,92.7%
Ada County,16001,3,97.9%
Adams County,16003,1,12.6%
Bannock County,16005,3,99.2%
Bear Lake County,16007,3,87.7%
Benewah County,16009,2,7.4%
Bingham County,16011,3,95.1%
Blaine County,16013,2,62.4%
Boise County,16015,1,23.6%
Bonner County,16017,3,91.6%
Bonneville County,16019,3,98.2%
Boundary County,16021,3,84.7%
Butte County,16023,3,70.1%
Camas County,16025,1,0.0%
Canyon County,16027,3,98.4%
Caribou County,16029,3,84.0%
Cassia County,16031,3,83.4%
Clark County,16033,3,94.0%
Clearwater County,16035,1,0.0%
Custer County,16037,3,70.1%
Elmore County,16039,3,79.5%
Franklin County,16041,3,96.2%
Fremont County,16043,3,92.7%
Gem County,16045,3,82.7%
Gooding County,16047,3,95.1%
Idaho County,16049,1,0.0%
Jefferson County,16051,3,96.0%
Jerome County,16053,3,91.5%
Kootenai County,16055,3,85.1%
Latah County,16057,3,77.5%
Lemhi County,16059,1,35.3%
Lewis County,16061,1,10.7%
Lincoln County,16063,2,46.7%
Madison County,16065,3,99.3%
Minidoka County,16067,3,75.3%
Nez Perce County,16069,3,84.3%
Oneida County,16071,3,84.8%
Owyhee County,16073,2,61.5%
Payette County,16075,3,85.7%
Power County,16077,3,94.1%
Shoshone County,16079,3,9.0%
Teton County,16081,3,97.5%
Twin Falls County,16083,3,89.2%
Valley County,16085,2,50.7%
Washington County,16087,2,57.4%
Adams County,17001,3,84.4%
Alexander County,17003,1,36.0%
Bond County,17005,2,42.6%
Boone County,17007,3,99.2%
Brown County,17009,1,38.8%
Bureau County,17011,3,77.4%
Calhoun County,17013,1,3.8%
Carroll County,17015,3,73.4%
Cass County,17017,3,76.9%
Champaign County,17019,3,96.4%
Christian County,17021,3,97.7%
Clark County,17023,2,64.8%
Clay County,17025,3,73.6%
Clinton County,17027,3,71.2%
Coles County,17029,3,79.1%
Cook County,17031,3,98.9%
Crawford County,17033,2,59.9%
Cumberland County,17035,1,39.1%
De Witt County,17039,3,91.4%
DeKalb County,17037,3,90.4%
Douglas County,17041,3,80.1%
DuPage County,17043,3,99.4%
Edgar County,17045,3,87.9%
Edwards County,17047,2,59.0%
Effingham County,17049,2,60.5%
Fayette County,17051,2,46.5%
Ford County,17053,3,73.3%
Franklin County,17055,3,73.5%
Fulton County,17057,2,61.2%
Gallatin County,17059,2,56.4%
Greene County,17061,2,59.8%
Grundy County,17063,1,100.0%
Hamilton County,17065,1,39.6%
Hancock County,17067,2,67.6%
Hardin County,17069,1,0.0%
Henderson County,17071,1,37.1%
Henry County,17073,3,84.0%
Iroquois County,17075,3,70.8%
Jackson County,17077,3,74.6%
Jasper County,17079,1,31.6%
Jefferson County,17081,2,56.7%
Jersey County,17083,2,51.1%
Jo Daviess County,17085,2,63.7%
Johnson County,17087,1,0.0%
Kane County,17089,3,98.8%
Kankakee County,17091,3,98.3%
Kendall County,17093,3,99.9%
Knox County,17095,3,85.9%
LaSalle County,17099,3,99.2%
Lake County,17097,3,98.5%
Lawrence County,17101,2,53.0%
Lee County,17103,3,86.9%
Livingston County,17105,3,94.2%
Logan County,17107,3,93.1%
Macon County,17115,3,98.8%
Macoupin County,17117,2,63.0%
Madison County,17119,3,95.0%
Marion County,17121,3,70.3%
Marshall County,17123,2,68.3%
Mason County,17125,2,69.4%
Massac County,17127,2,62.5%
McDonough County,17109,3,94.3%
McHenry County,17111,3,99.0%
McLean County,17113,3,93.2%
Menard County,17129,3,82.2%
Mercer County,17131,2,48.3%
Monroe County,17133,3,91.9%
Montgomery County,17135,2,69.8%
Morgan County,17137,3,80.3%
Moultrie County,17139,2,54.3%
Ogle County,17141,3,93.5%
Peoria County,17143,3,93.2%
Perry County,17145,3,71.7%
Piatt County,17147,3,96.6%
Pike County,17149,2,54.3%
Pope County,17151,1,2.3%
Pulaski County,17153,1,27.8%
Putnam County,17155,2,49.0%
Randolph County,17157,3,85.5%
Richland County,17159,3,70.7%
Rock Island County,17161,3,95.3%
Saline County,17165,2,68.7%
Sangamon County,17167,3,98.3%
Schuyler County,17169,2,47.2%
Scott County,17171,2,63.2%
Shelby County,17173,2,49.1%
St. Clair County,17163,3,96.1%
Stark County,17175,2,54.3%
Stephenson County,17177,3,95.8%
Tazewell County,17179,3,95.0%
Union County,17181,2,55.5%
Vermilion County,17183,3,89.1%
Wabash County,17185,3,93.6%
Warren County,17187,2,53.5%
Washington County,17189,2,47.4%
Wayne County,17191,2,66.2%
White County,17193,2,68.5%
Whiteside County,17195,3,90.5%
Will County,17197,3,99.9%
Williamson County,17199,3,72.3%
Winnebago County,17201,3,99.9%
Woodford County,17203,3,92.6%
Adams County,18001,3,86.2%
Allen County,18003,3,94.3%
Bartholomew County,18005,3,88.4%
Benton County,18007,1,10.3%
Blackford County,18009,2,55.7%
Boone County,18011,3,79.4%
Brown County,18013,2,44.6%
Carroll County,18015,2,60.4%
Cass County,18017,3,72.1%
Clark County,18019,3,94.6%
Clay County,18021,3,93.1%
Clinton County,18023,2,68.3%
Crawford County,18025,1,1.0%
Daviess County,18027,2,62.7%
DeKalb County,18033,3,74.2%
Dearborn County,18029,3,90.5%
Decatur County,18031,2,62.2%
Delaware County,18035,3,92.6%
Dubois County,18037,2,57.9%
Elkhart County,18039,3,86.6%
Fayette County,18041,3,75.9%
Floyd County,18043,3,96.6%
Fountain County,18045,3,74.8%
Franklin County,18047,1,32.8%
Fulton County,18049,3,75.7%
Gibson County,18051,3,70.9%
Grant County,18053,3,78.2%
Greene County,18055,3,86.6%
Hamilton County,18057,3,94.2%
Hancock County,18059,3,98.9%
Harrison County,18061,2,50.5%
Hendricks County,18063,3,93.2%
Henry County,18065,3,86.7%
Howard County,18067,3,91.4%
Huntington County,18069,3,73.4%
Jackson County,18071,3,74.7%
Jasper County,18073,3,78.8%
Jay County,18075,3,79.3%
Jefferson County,18077,2,68.5%
Jennings County,18079,2,64.2%
Johnson County,18081,3,90.2%
Knox County,18083,3,91.4%
Kosciusko County,18085,3,78.9%
LaGrange County,18087,1,32.6%
LaPorte County,18091,3,99.5%
Lake County,18089,3,99.6%
Lawrence County,18093,3,78.7%
Madison County,18095,3,88.0%
Marion County,18097,3,97.9%
Marshall County,18099,2,62.2%
Martin County,18101,2,58.3%
Miami County,18103,2,62.9%
Monroe County,18105,3,91.2%
Montgomery County,18107,2,62.3%
Morgan County,18109,3,85.6%
Newton County,18111,3,87.2%
Noble County,18113,2,58.0%
Ohio County,18115,2,64.2%
Orange County,18117,2,54.7%
Owen County,18119,2,65.5%
Parke County,18121,3,71.6%
Perry County,18123,2,54.7%
Pike County,18125,2,56.8%
Porter County,18127,3,99.3%
Posey County,18129,3,76.4%
Pulaski County,18131,2,44.0%
Putnam County,18133,3,73.2%
Randolph County,18135,3,98.2%
Ripley County,18137,2,45.1%
Rush County,18139,2,52.6%
Scott County,18143,3,77.9%
Shelby County,18145,3,74.5%
Spencer County,18147,1,26.5%
St. Joseph County,18141,3,93.6%
Starke County,18149,3,71.4%
Steuben County,18151,2,67.6%
Sullivan County,18153,3,79.7%
Switzerland County,18155,1,19.2%
Tippecanoe County,18157,3,89.4%
Tipton County,18159,3,75.5%
Union County,18161,2,43.8%
Vanderburgh County,18163,3,98.8%
Vermillion County,18165,3,94.5%
Vigo County,18167,3,93.7%
Wabash County,18169,2,62.4%
Warren County,18171,1,32.5%
Warrick County,18173,3,82.0%
Washington County,18175,2,62.0%
Wayne County,18177,3,85.9%
Wells County,18179,2,67.2%
White County,18181,3,83.3%
Whitley County,18183,2,59.0%
Adair County,19001,2,55.4%
Adams County,19003,2,50.2%
Allamakee County,19005,3,77.3%
Appanoose County,19007,3,95.4%
Audubon County,19009,2,69.7%
Benton County,19011,3,80.1%
Black Hawk County,19013,3,99.8%
Boone County,19015,3,97.0%
Bremer County,19017,3,99.6%
Buchanan County,19019,3,95.5%
Buena Vista County,19021,3,88.7%
Butler County,19023,3,92.4%
Calhoun County,19025,3,86.5%
Carroll County,19027,3,90.8%
Cass County,19029,3,83.4%
Cedar County,19031,3,72.8%
Cerro Gordo County,19033,1,100.0%
Cherokee County,19035,3,73.5%
Chickasaw County,19037,1,100.0%
Clarke County,19039,3,77.1%
Clay County,19041,3,98.6%
Clayton County,19043,3,74.0%
Clinton County,19045,3,89.8%
Crawford County,19047,2,65.0%
Dallas County,19049,3,96.4%
Davis County,19051,3,78.4%
Decatur County,19053,3,74.1%
Delaware County,19055,3,81.7%
Des Moines County,19057,3,94.4%
Dickinson County,19059,3,97.9%
Dubuque County,19061,3,92.0%
Emmet County,19063,1,100.0%
Fayette County,19065,3,98.3%
Floyd County,19067,1,100.0%
Franklin County,19069,1,100.0%
Fremont County,19071,1,27.7%
Greene County,19073,3,87.7%
Grundy County,19075,3,97.0%
Guthrie County,19077,3,71.0%
Hamilton County,19079,3,97.9%
Hancock County,19081,3,98.7%
Hardin County,19083,3,99.3%
Harrison County,19085,2,53.1%
Henry County,19087,3,88.5%
Howard County,19089,1,100.0%
Humboldt County,19091,3,94.7%
Ida County,19093,1,17.1%
Iowa County,19095,2,60.4%
Jackson County,19097,3,75.9%
Jasper County,19099,3,78.4%
Jefferson County,19101,3,99.9%
Johnson County,19103,3,96.1%
Jones County,19105,3,83.7%
Keokuk County,19107,3,70.2%
Kossuth County,19109,3,95.7%
Lee County,19111,3,86.6%
Linn County,19113,3,99.9%
Louisa County,19115,2,62.5%
Lucas County,19117,3,84.5%
Lyon County,19119,3,86.7%
Madison County,19121,3,73.2%
Mahaska County,19123,3,85.2%
Marion County,19125,3,85.5%
Marshall County,19127,3,96.9%
Mills County,19129,2,48.9%
Mitchell County,19131,1,100.0%
Monona County,19133,2,51.3%
Monroe County,19135,3,92.4%
Montgomery County,19137,3,88.2%
Muscatine County,19139,1,36.5%
O'Brien County,19141,2,68.4%
Osceola County,19143,3,99.0%
Page County,19145,3,76.0%
Palo Alto County,19147,3,99.8%
Plymouth County,19149,2,68.9%
Pocahontas County,19151,3,75.1%
Polk County,19153,3,98.8%
Pottawattamie County,19155,3,86.4%
Poweshiek County,19157,2,64.3%
Ringgold County,19159,2,54.7%
Sac County,19161,2,65.3%
Scott County,19163,3,94.4%
Shelby County,19165,3,88.4%
Sioux County,19167,3,80.8%
Story County,19169,3,98.6%
Tama County,19171,3,78.0%
Taylor County,19173,2,65.1%
Union County,19175,3,83.3%
Van Buren County,19177,2,63.6%
Wapello County,19179,3,96.8%
Warren County,19181,3,87.1%
Washington County,19183,3,83.8%
Wayne County,19185,3,95.0%
Webster County,19187,3,99.3%
Winnebago County,19189,1,100.0%
Winneshiek County,19191,3,99.7%
Woodbury County,19193,3,89.5%
Worth County,19195,1,100.0%
Wright County,19197,3,97.7%
Allen County,20001,3,87.8%
Anderson County,20003,3,91.0%
Atchison County,20005,2,69.5%
Barber County,20007,2,45.9%
Barton County,20009,3,89.2%
Bourbon County,20011,3,73.6%
Brown County,20013,1,0.3%
Butler County,20015,3,70.1%
Chase County,20017,1,12.8%
Chautauqua County,20019,1,0.0%
Cherokee County,20021,2,57.2%
Cheyenne County,20023,1,1.8%
Clark County,20025,1,0.0%
Clay County,20027,3,92.1%
Cloud County,20029,3,91.6%
Coffey County,20031,3,98.2%
Comanche County,20033,2,60.5%
Cowley County,20035,3,79.6%
Crawford County,20037,3,87.6%
Decatur County,20039,1,12.7%
Dickinson County,20041,2,61.7%
Doniphan County,20043,1,0.0%
Douglas County,20045,1,100.0%
Edwards County,20047,2,57.4%
Elk County,20049,1,0.0%
Ellis County,20051,3,97.0%
Ellsworth County,20053,2,64.1%
Finney County,20055,3,99.4%
Ford County,20057,3,77.7%
Franklin County,20059,3,98.6%
Geary County,20061,3,80.9%
Gove County,20063,3,72.6%
Graham County,20065,3,98.6%
Grant County,20067,1,100.0%
Gray County,20069,2,6.9%
Greeley County,20071,3,92.3%
Greenwood County,20073,2,57.8%
Hamilton County,20075,1,100.0%
Harper County,20077,1,21.7%
Harvey County,20079,3,92.9%
Haskell County,20081,3,98.5%
Hodgeman County,20083,2,41.2%
Jackson County,20085,2,56.3%
Jefferson County,20087,3,97.0%
Jewell County,20089,3,97.3%
Johnson County,20091,1,100.0%
Kearny County,20093,1,100.0%
Kingman County,20095,2,44.0%
Kiowa County,20097,1,0.0%
Labette County,20099,2,60.6%
Lane County,20101,3,98.1%
Leavenworth County,20103,1,100.0%
Lincoln County,20105,3,80.1%
Linn County,20107,2,52.1%
Logan County,20109,3,89.2%
Lyon County,20111,3,97.9%
Marion County,20115,3,83.0%
Marshall County,20117,2,43.5%
McPherson County,20113,3,86.1%
Meade County,20119,1,0.0%
Miami County,20121,3,80.3%
Mitchell County,20123,3,97.5%
Montgomery County,20125,3,86.6%
Morris County,20127,3,96.5%
Morton County,20129,1,100.0%
Nemaha County,20131,1,17.0%
Neosho County,20133,3,79.8%
Ness County,20135,3,74.0%
Norton County,20137,3,87.3%
Osage County,20139,1,100.0%
Osborne County,20141,3,93.3%
Ottawa County,20143,3,80.6%
Pawnee County,20145,2,67.3%
Phillips County,20147,3,70.6%
Pottawatomie County,20149,3,93.5%
Pratt County,20151,3,76.4%
Rawlins County,20153,1,3.4%
Reno County,20155,3,87.9%
Republic County,20157,3,94.6%
Rice County,20159,3,78.1%
Riley County,20161,3,85.3%
Rooks County,20163,3,83.3%
Rush County,20165,3,81.8%
Russell County,20167,3,98.7%
Saline County,20169,3,86.7%
Scott County,20171,1,100.0%
Sedgwick County,20173,3,92.8%
Seward County,20175,2,60.1%
Shawnee County,20177,1,100.0%
Sheridan County,20179,3,75.9%
Sherman County,20181,3,85.6%
Smith County,20183,3,84.8%
Stafford County,20185,1,2.2%
Stanton County,20187,1,100.0%
Stevens County,20189,3,98.7%
Sumner County,20191,3,99.9%
Thomas County,20193,3,90.2%
Trego County,20195,3,78.2%
Wabaunsee County,20197,2,61.9%
Wallace County,20199,2,48.0%
Washington County,20201,2,56.3%
Wichita County,20203,3,95.7%
Wilson County,20205,1,26.6%
Woodson County,20207,2,50.9%
Wyandotte County,20209,1,100.0%
Adair County,21001,3,74.0%
Allen County,21003,3,92.7%
Anderson County,21005,3,79.6%
Ballard County,21007,3,97.0%
Barren County,21009,3,75.1%
Bath County,21011,3,77.6%
Bell County,21013,3,80.3%
Boone County,21015,3,98.9%
Bourbon County,21017,3,76.7%
Boyd County,21019,3,95.8%
Boyle County,21021,3,80.3%
Bracken County,21023,3,73.7%
Breathitt County,21025,1,15.9%
Breckinridge County,21027,2,58.4%
Bullitt County,21029,3,98.6%
Butler County,21031,1,34.0%
Caldwell County,21033,2,66.5%
Calloway County,21035,3,94.9%
Campbell County,21037,3,98.7%
Carlisle County,21039,3,88.5%
Carroll County,21041,3,72.6%
Carter County,21043,2,68.5%
Casey County,21045,3,84.4%
Christian County,21047,3,83.7%
Clark County,21049,3,79.3%
Clay County,21051,3,84.6%
Clinton County,21053,3,78.0%
Crittenden County,21055,2,58.8%
Cumberland County,21057,2,51.4%
Daviess County,21059,3,89.2%
Edmonson County,21061,3,78.3%
Elliott County,21063,1,100.0%
Estill County,21065,3,96.8%
Fayette County,21067,3,98.6%
Fleming County,21069,2,68.5%
Floyd County,21071,1,27.0%
Franklin County,21073,3,97.5%
Fulton County,21075,2,56.0%
Gallatin County,21077,1,39.5%
Garrard County,21079,3,77.3%
Grant County,21081,3,80.3%
Graves County,21083,3,93.1%
Grayson County,21085,3,86.9%
Green County,21087,3,83.5%
Greenup County,21089,3,88.9%
Hancock County,21091,1,18.3%
Hardin County,21093,3,99.4%
Harlan County,21095,3,83.4%
Harrison County,21097,2,44.6%
Hart County,21099,3,84.5%
Henderson County,21101,3,86.5%
Henry County,21103,2,65.6%
Hickman County,21105,1,36.6%
Hopkins County,21107,3,76.4%
Jackson County,21109,1,100.0%
Jefferson County,21111,3,99.9%
Jessamine County,21113,3,96.6%
Johnson County,21115,3,90.7%
Kenton County,21117,3,99.1%
Knott County,21119,1,18.9%
Knox County,21121,3,70.9%
Larue County,21123,3,82.2%
Laurel County,21125,3,97.3%
Lawrence County,21127,1,100.0%
Lee County,21129,1,12.0%
Leslie County,21131,2,42.7%
Letcher County,21133,1,13.9%
Lewis County,21135,2,67.9%
Lincoln County,21137,2,63.9%
Livingston County,21139,3,70.3%
Logan County,21141,3,79.9%
Lyon County,21143,1,20.9%
Madison County,21151,3,94.4%
Magoffin County,21153,3,85.5%
Marion County,21155,3,83.1%
Marshall County,21157,3,95.8%
Martin County,21159,1,0.0%
Mason County,21161,1,34.3%
McCracken County,21145,3,98.0%
McCreary County,21147,1,100.0%
McLean County,21149,2,46.5%
Meade County,21163,3,85.3%
Menifee County,21165,1,100.0%
Mercer County,21167,3,79.0%
Metcalfe County,21169,2,65.1%
Monroe County,21171,3,84.0%
Montgomery County,21173,3,90.3%
Morgan County,21175,1,100.0%
Muhlenberg County,21177,3,77.2%
Nelson County,21179,2,46.3%
Nicholas County,21181,2,41.8%
Ohio County,21183,2,44.4%
Oldham County,21185,3,95.4%
Owen County,21187,2,62.5%
Owsley County,21189,1,100.0%
Pendleton County,21191,2,62.4%
Perry County,21193,2,66.2%
Pike County,21195,1,18.9%
Powell County,21197,2,6.5%
Pulaski County,21199,3,95.7%
Robertson County,21201,1,34.5%
Rockcastle County,21203,3,87.3%
Rowan County,21205,3,98.0%
Russell County,21207,3,82.6%
Scott County,21209,3,80.6%
Shelby County,21211,3,85.6%
Simpson County,21213,2,67.1%
Spencer County,21215,3,74.2%
Taylor County,21217,3,91.6%
Todd County,21219,2,45.2%
Trigg County,21221,2,66.5%
Trimble County,21223,3,80.7%
Union County,21225,3,79.1%
Warren County,21227,3,92.0%
Washington County,21229,1,27.5%
Wayne County,21231,2,69.8%
Webster County,21233,2,59.8%
Whitley County,21235,3,94.2%
Wolfe County,21237,1,100.0%
Woodford County,21239,3,96.9%
Acadia Parish,22001,2,68.2%
Allen Parish,22003,1,24.3%
Ascension Parish,22005,3,97.9%
Assumption Parish,22007,3,98.4%
Avoyelles Parish,22009,1,1.9%
Beauregard Parish,22011,2,46.1%
Bienville Parish,22013,1,3.7%
Bossier Parish,22015,3,89.2%
Caddo Parish,22017,3,95.9%
Calcasieu Parish,22019,3,91.5%
Caldwell Parish,22021,2,48.5%
Cameron Parish,22023,1,13.0%
Catahoula Parish,22025,1,1.4%
Claiborne Parish,22027,2,56.0%
Concordia Parish,22029,1,22.0%
De Soto Parish,22031,2,69.1%
East Baton Rouge Parish,22033,1,100.0%
East Carroll Parish,22035,2,69.9%
East Feliciana Parish,22037,1,11.5%
Evangeline Parish,22039,2,44.0%
Franklin Parish,22041,2,49.9%
Grant Parish,22043,1,37.1%
Iberia Parish,22045,3,75.4%
Iberville Parish,22047,3,78.6%
Jackson Parish,22049,2,55.9%
Jefferson Davis Parish,22053,3,71.2%
Jefferson Parish,22051,3,97.6%
La Salle Parish,22NA,1,0.0%
Lafayette Parish,22055,3,94.9%
Lafourche Parish,22057,3,70.1%
Lincoln Parish,22061,3,80.6%
Livingston Parish,22063,3,97.2%
Madison Parish,22065,2,67.6%
Morehouse Parish,22067,3,91.9%
Natchitoches Parish,22069,2,65.1%
Orleans Parish,22071,3,91.4%
Ouachita Parish,22073,3,97.0%
Plaquemines Parish,22075,2,69.3%
Pointe Coupee Parish,22077,2,65.8%
Rapides Parish,22079,3,81.6%
Red River Parish,22081,1,0.0%
Richland Parish,22083,2,47.2%
Sabine Parish,22085,1,0.0%
St. Bernard Parish,22087,3,93.0%
St. Charles Parish,22089,3,95.7%
St. Helena Parish,22091,2,41.8%
St. James Parish,22093,3,98.5%
St. John the Baptist Parish,22095,1,100.0%
St. Landry Parish,22097,3,80.3%
St. Martin Parish,22099,3,88.0%
St. Mary Parish,22101,3,83.2%
St. Tammany Parish,22103,3,98.1%
Tangipahoa Parish,22105,3,88.2%
Tensas Parish,22107,1,0.5%
Terrebonne Parish,22109,3,99.6%
Union Parish,22111,1,38.9%
Vermilion Parish,22113,3,94.1%
Vernon Parish,22115,2,62.8%
Washington Parish,22117,1,20.0%
Webster Parish,22119,2,58.2%
West Baton Rouge Parish,22121,3,87.3%
West Carroll Parish,22123,1,34.1%
West Feliciana Parish,22125,1,15.7%
Winn Parish,22127,2,46.5%
Androscoggin County,23001,3,99.9%
Aroostook County,23003,3,76.7%
Cumberland County,23005,3,99.2%
Franklin County,23007,2,45.7%
Hancock County,23009,3,80.1%
Kennebec County,23011,3,99.1%
Knox County,23013,3,97.2%
Lincoln County,23015,3,94.4%
Oxford County,23017,3,87.5%
Penobscot County,23019,3,85.8%
Piscataquis County,23021,2,40.8%
Sagadahoc County,23023,3,93.3%
Somerset County,23025,2,59.6%
Waldo County,23027,2,67.6%
Washington County,23029,3,76.7%
York County,23031,3,98.7%
Allegany County,24001,3,88.2%
Anne Arundel County,24003,3,97.3%
Baltimore County,24005,3,97.4%
Baltimore city,24510,3,99.2%
Calvert County,24009,3,98.2%
Caroline County,24011,3,93.5%
Carroll County,24013,3,98.2%
Cecil County,24015,3,97.1%
Charles County,24017,3,91.8%
Dorchester County,24019,3,94.1%
Frederick County,24021,3,99.0%
Garrett County,24023,3,72.1%
Harford County,24025,3,98.2%
Howard County,24027,3,97.6%
Kent County,24029,3,97.8%
Montgomery County,24031,3,98.6%
Prince George's County,24033,3,97.1%
Queen Anne's County,24035,3,97.7%
Somerset County,24039,3,98.6%
St. Mary's County,24037,3,96.6%
Talbot County,24041,3,88.1%
Washington County,24043,3,98.5%
Wicomico County,24045,3,98.8%
Worcester County,24047,3,99.7%
Barnstable County,25001,3,98.4%
Berkshire County,25003,3,86.3%
Bristol County,25005,3,98.6%
Dukes County,25007,3,88.3%
Essex County,25009,3,99.0%
Franklin County,25011,3,79.2%
Hampden County,25013,3,97.8%
Hampshire County,25015,3,86.4%
Middlesex County,25017,3,98.6%
Nantucket County,25019,3,99.0%
Norfolk County,25021,3,97.8%
Plymouth County,25023,3,97.9%
Suffolk County,25025,3,98.5%
Worcester County,25027,3,98.3%
Alcona County,26001,2,56.9%
Alger County,26003,3,72.9%
Allegan County,26005,2,66.8%
Alpena County,26007,3,91.7%
Antrim County,26009,3,70.3%
Arenac County,26011,2,53.3%
Baraga County,26013,2,61.8%
Barry County,26015,2,51.6%
Bay County,26017,3,91.8%
Benzie County,26019,3,76.2%
Berrien County,26021,3,92.1%
Branch County,26023,2,69.2%
Calhoun County,26025,3,87.7%
Cass County,26027,3,82.6%
Charlevoix County,26029,3,76.8%
Cheboygan County,26031,2,56.2%
Chippewa County,26033,3,73.3%
Clare County,26035,3,72.5%
Clinton County,26037,3,76.6%
Crawford County,26039,2,51.5%
Delta County,26041,3,83.1%
Dickinson County,26043,3,71.9%
Eaton County,26045,3,85.1%
Emmet County,26047,3,72.3%
Genesee County,26049,3,98.2%
Gladwin County,26051,2,57.7%
Gogebic County,26053,3,75.9%
Grand Traverse County,26055,3,94.4%
Gratiot County,26057,3,82.7%
Hillsdale County,26059,2,61.2%
Houghton County,26061,3,87.3%
Huron County,26063,2,68.6%
Ingham County,26065,1,100.0%
Ionia County,26067,3,75.4%
Iosco County,26069,3,85.0%
Iron County,26071,1,16.0%
Isabella County,26073,3,80.6%
Jackson County,26075,3,83.0%
Kalamazoo County,26077,3,96.8%
Kalkaska County,26079,1,38.9%
Kent County,26081,3,95.9%
Keweenaw County,26083,3,79.1%
Lake County,26085,1,4.7%
Lapeer County,26087,3,75.2%
Leelanau County,26089,3,78.4%
Lenawee County,26091,3,78.1%
Livingston County,26093,3,91.8%
Luce County,26095,1,0.0%
Mackinac County,26097,2,45.0%
Macomb County,26099,3,98.2%
Manistee County,26101,2,63.5%
Marquette County,26103,3,90.3%
Mason County,26105,2,62.3%
Mecosta County,26107,3,74.6%
Menominee County,26109,2,63.8%
Midland County,26111,3,90.4%
Missaukee County,26113,1,25.6%
Monroe County,26115,3,93.4%
Montcalm County,26117,3,83.2%
Montmorency County,26119,1,0.1%
Muskegon County,26121,3,92.4%
Newaygo County,26123,1,38.1%
Oakland County,26125,3,99.2%
Oceana County,26127,1,36.0%
Ogemaw County,26129,3,70.5%
Ontonagon County,26131,2,65.0%
Osceola County,26133,1,27.9%
Oscoda County,26135,1,1.6%
Otsego County,26137,2,68.9%
Ottawa County,26139,3,96.3%
Presque Isle County,26141,1,26.9%
Roscommon County,26143,3,92.8%
Saginaw County,26145,3,93.4%
Sanilac County,26151,2,42.6%
Schoolcraft County,26153,2,56.5%
Shiawassee County,26155,3,80.0%
St. Clair County,26147,3,84.1%
St. Joseph County,26149,3,78.1%
Tuscola County,26157,2,65.9%
Van Buren County,26159,2,67.7%
Washtenaw County,26161,3,91.2%
Wayne County,26163,3,98.7%
Wexford County,26165,2,64.3%
Aitkin County,27001,1,28.8%
Anoka County,27003,3,97.5%
Becker County,27005,3,75.9%
Beltrami County,27007,3,98.9%
Benton County,27009,3,70.0%
Big Stone County,27011,3,98.0%
Blue Earth County,27013,1,100.0%
Brown County,27015,3,97.3%
Carlton County,27017,3,71.6%
Carver County,27019,3,99.1%
Cass County,27021,3,72.0%
Chippewa County,27023,3,78.1%
Chisago County,27025,2,69.5%
Clay County,27027,3,91.1%
Clearwater County,27029,3,99.8%
Cook County,27031,3,98.4%
Cottonwood County,27033,3,98.8%
Crow Wing County,27035,3,90.2%
Dakota County,27037,3,99.6%
Dodge County,27039,1,100.0%
Douglas County,27041,3,75.6%
Faribault County,27043,1,100.0%
Fillmore County,27045,3,94.2%
Freeborn County,27047,1,100.0%
Goodhue County,27049,1,100.0%
Grant County,27051,3,83.5%
Hennepin County,27053,3,98.6%
Houston County,27055,3,74.9%
Hubbard County,27057,3,93.5%
Isanti County,27059,2,56.0%
Itasca County,27061,3,78.7%
Jackson County,27063,1,100.0%
Kanabec County,27065,1,32.2%
Kandiyohi County,27067,3,88.1%
Kittson County,27069,2,66.6%
Koochiching County,27071,2,69.7%
Lac qui Parle County,27073,3,96.3%
Lake County,27075,3,89.0%
Lake of the Woods County,27077,3,72.9%
Le Sueur County,27079,1,100.0%
Lincoln County,27081,2,62.9%
Lyon County,27083,3,82.4%
Mahnomen County,27087,3,79.0%
Marshall County,27089,2,61.6%
Martin County,27091,1,100.0%
McLeod County,27085,3,79.7%
Meeker County,27093,3,75.3%
Mille Lacs County,27095,2,43.7%
Morrison County,27097,2,63.1%
Mower County,27099,1,100.0%
Murray County,27101,3,95.8%
Nicollet County,27103,3,99.8%
Nobles County,27105,3,89.3%
Norman County,27107,2,43.2%
Olmsted County,27109,1,100.0%
Otter Tail County,27111,3,74.8%
Pennington County,27113,3,96.1%
Pine County,27115,2,45.4%
Pipestone County,27117,3,81.5%
Polk County,27119,3,91.2%
Pope County,27121,2,64.1%
Ramsey County,27123,3,98.9%
Red Lake County,27125,1,100.0%
Redwood County,27127,3,89.0%
Renville County,27129,3,88.2%
Rice County,27131,1,100.0%
Rock County,27133,3,99.6%
Roseau County,27135,2,61.0%
Scott County,27139,3,99.8%
Sherburne County,27141,3,84.4%
Sibley County,27143,3,99.6%
St. Louis County,27137,3,84.0%
Stearns County,27145,3,83.3%
Steele County,27147,1,100.0%
Stevens County,27149,3,99.0%
Swift County,27151,3,92.3%
Todd County,27153,2,45.8%
Traverse County,27155,3,91.1%
Wabasha County,27157,1,100.0%
Wadena County,27159,3,86.9%
Waseca County,27161,1,100.0%
Washington County,27163,3,96.8%
Watonwan County,27165,3,99.8%
Wilkin County,27167,2,66.8%
Winona County,27169,3,97.4%
Wright County,27171,3,89.8%
Yellow Medicine County,27173,2,45.5%
Adams County,28001,3,79.8%
Alcorn County,28003,1,100.0%
Amite County,28005,1,0.5%
Attala County,28007,2,46.8%
Benton County,28009,3,90.3%
Bolivar County,28011,3,71.6%
Calhoun County,28013,3,71.0%
Carroll County,28015,1,20.1%
Chickasaw County,28017,2,46.1%
Choctaw County,28019,1,17.6%
Claiborne County,28021,1,21.3%
Clarke County,28023,2,45.3%
Clay County,28025,2,65.5%
Coahoma County,28027,3,72.6%
Copiah County,28029,1,28.5%
Covington County,28031,1,0.0%
DeSoto County,28033,3,92.4%
Forrest County,28035,3,86.2%
Franklin County,28037,1,18.9%
George County,28039,2,50.3%
Greene County,28041,1,19.0%
Grenada County,28043,3,78.5%
Hancock County,28045,2,67.8%
Harrison County,28047,3,92.9%
Hinds County,28049,3,89.8%
Holmes County,28051,2,56.4%
Humphreys County,28053,3,86.5%
Issaquena County,28055,1,0.0%
Itawamba County,28057,3,74.8%
Jackson County,28059,3,91.4%
Jasper County,28061,1,29.7%
Jefferson County,28063,1,0.9%
Jefferson Davis County,28065,2,44.0%
Jones County,28067,3,71.9%
Kemper County,28069,1,4.0%
Lafayette County,28071,3,75.7%
Lamar County,28073,2,69.7%
Lauderdale County,28075,3,88.5%
Lawrence County,28077,1,1.1%
Leake County,28079,1,30.9%
Lee County,28081,3,95.7%
Leflore County,28083,3,88.5%
Lincoln County,28085,2,51.3%
Lowndes County,28087,3,86.2%
Madison County,28089,3,88.1%
Marion County,28091,1,0.0%
Marshall County,28093,2,60.4%
Monroe County,28095,2,59.9%
Montgomery County,28097,2,67.0%
Neshoba County,28099,2,58.9%
Newton County,28101,1,32.5%
Noxubee County,28103,1,0.0%
Oktibbeha County,28105,3,73.3%
Panola County,28107,2,59.4%
Pearl River County,28109,3,70.3%
Perry County,28111,1,4.4%
Pike County,28113,2,67.2%
Pontotoc County,28115,2,51.8%
Prentiss County,28117,1,100.0%
Quitman County,28119,2,60.8%
Rankin County,28121,3,90.5%
Scott County,28123,2,44.8%
Sharkey County,28125,1,0.0%
Simpson County,28127,1,28.3%
Smith County,28129,3,8.1%
Stone County,28131,2,53.5%
Sunflower County,28133,3,71.5%
Tallahatchie County,28135,2,51.2%
Tate County,28137,2,56.3%
Tippah County,28139,2,52.3%
Tishomingo County,28141,3,97.1%
Tunica County,28143,2,63.0%
Union County,28145,3,81.0%
Walthall County,28147,1,0.0%
Warren County,28149,3,84.7%
Washington County,28151,3,90.9%
Wayne County,28153,2,44.9%
Webster County,28155,1,12.6%
Wilkinson County,28157,1,0.0%
Winston County,28159,2,52.5%
Yalobusha County,28161,2,53.2%
Yazoo County,28163,2,61.3%
Adair County,29001,3,80.6%
Andrew County,29003,3,87.2%
Atchison County,29005,2,7.2%
Audrain County,29007,2,64.2%
Barry County,29009,2,47.5%
Barton County,29011,1,12.9%
Bates County,29013,1,32.4%
Benton County,29015,1,36.0%
Bollinger County,29017,1,21.0%
Boone County,29019,3,86.3%
Buchanan County,29021,3,94.0%
Butler County,29023,2,66.9%
Caldwell County,29025,1,22.5%
Callaway County,29027,3,76.5%
Camden County,29029,3,93.5%
Cape Girardeau County,29031,3,84.8%
Carroll County,29033,2,65.2%
Carter County,29035,2,7.2%
Cass County,29037,1,100.0%
Cedar County,29039,2,50.6%
Chariton County,29041,1,35.6%
Christian County,29043,3,88.2%
Clark County,29045,1,0.0%
Clay County,29047,1,100.0%
Clinton County,29049,2,56.8%
Cole County,29051,3,80.1%
Cooper County,29053,1,100.0%
Crawford County,29055,3,70.0%
Dade County,29057,1,38.6%
Dallas County,29059,1,38.6%
Daviess County,29061,1,37.2%
DeKalb County,29063,1,36.2%
Dent County,29065,2,53.0%
Douglas County,29067,1,21.0%
Dunklin County,29069,3,81.9%
Franklin County,29071,3,71.8%
Gasconade County,29073,1,24.8%
Gentry County,29075,2,59.1%
Greene County,29077,3,94.9%
Grundy County,29079,1,0.0%
Harrison County,29081,2,44.6%
Henry County,29083,2,42.2%
Hickory County,29085,1,3.8%
Holt County,29087,1,0.4%
Howard County,29089,1,13.8%
Howell County,29091,2,40.0%
Iron County,29093,2,50.3%
Jackson County,29095,1,100.0%
Jasper County,29097,3,92.7%
Jefferson County,29099,3,91.4%
Johnson County,29101,2,57.6%
Knox County,29103,1,0.0%
Laclede County,29105,3,96.4%
Lafayette County,29107,1,20.3%
Lawrence County,29109,3,76.0%
Lewis County,29111,1,0.0%
Lincoln County,29113,2,49.2%
Linn County,29115,2,49.4%
Livingston County,29117,2,66.3%
Macon County,29121,2,68.0%
Madison County,29123,2,54.8%
Maries County,29125,1,33.3%
Marion County,29127,3,80.4%
McDonald County,29119,2,67.4%
Mercer County,29129,1,36.8%
Miller County,29131,2,60.3%
Mississippi County,29133,3,86.3%
Moniteau County,29135,3,98.7%
Monroe County,29137,1,39.5%
Montgomery County,29139,2,44.0%
Morgan County,29141,3,95.1%
New Madrid County,29143,3,82.9%
Newton County,29145,3,74.1%
Nodaway County,29147,3,74.0%
Oregon County,29149,1,22.3%
Osage County,29151,1,27.2%
Ozark County,29153,1,3.2%
Pemiscot County,29155,3,74.5%
Perry County,29157,2,59.1%
Pettis County,29159,2,65.8%
Phelps County,29161,2,67.6%
Pike County,29163,1,22.3%
Platte County,29165,3,88.8%
Polk County,29167,2,57.1%
Pulaski County,29169,3,87.7%
Putnam County,29171,3,72.0%
Ralls County,29173,1,17.3%
Randolph County,29175,2,67.9%
Ray County,29177,2,50.5%
Reynolds County,29179,1,3.7%
Ripley County,29181,1,28.9%
Saline County,29195,2,58.7%
Schuyler County,29197,1,0.0%
Scotland County,29199,1,39.5%
Scott County,29201,3,86.5%
Shannon County,29203,1,19.4%
Shelby County,29205,1,36.4%
St. Charles County,29183,3,95.4%
St. Clair County,29185,1,0.1%
St. Francois County,29187,3,86.1%
St. Louis County,29189,3,99.5%
St. Louis city,29510,3,99.9%
Ste. Genevieve County,29186,2,50.2%
Stoddard County,29207,2,67.9%
Stone County,29209,2,46.7%
Sullivan County,29211,2,56.6%
Taney County,29213,3,97.4%
Texas County,29215,2,46.4%
Vernon County,29217,2,48.2%
Warren County,29219,2,55.9%
Washington County,29221,1,26.9%
Wayne County,29223,1,29.3%
Webster County,29225,2,60.6%
Worth County,29227,2,51.6%
Wright County,29229,1,18.6%
Beaverhead County,30001,2,67.4%
Big Horn County,30003,3,76.5%
Blaine County,30005,3,96.4%
Broadwater County,30007,1,28.6%
Carbon County,30009,3,95.0%
Carter County,30011,1,4.1%
Cascade County,30013,3,99.1%
Chouteau County,30015,3,96.7%
Custer County,30017,1,4.7%
Daniels County,30019,3,98.4%
Dawson County,30021,1,0.0%
Deer Lodge County,30023,3,74.7%
Fallon County,30025,1,0.0%
Fergus County,30027,1,12.3%
Flathead County,30029,3,84.6%
Gallatin County,30031,3,92.3%
Garfield County,30033,1,0.0%
Glacier County,30035,1,25.1%
Golden Valley County,30037,1,0.0%
Granite County,30039,1,1.2%
Hill County,30041,3,94.1%
Jefferson County,30043,3,76.8%
Judith Basin County,30045,3,75.1%
Lake County,30047,2,62.4%
Lewis and Clark County,30049,3,99.2%
Liberty County,30051,3,83.4%
Lincoln County,30053,1,35.2%
Madison County,30057,3,83.4%
McCone County,30055,1,0.0%
Meagher County,30059,3,97.4%
Mineral County,30061,1,3.1%
Missoula County,30063,3,86.0%
Musselshell County,30065,1,0.0%
Park County,30067,3,98.8%
Petroleum County,30069,1,0.0%
Phillips County,30071,3,80.6%
Pondera County,30073,1,19.7%
Powder River County,30075,1,36.5%
Powell County,30077,2,49.9%
Prairie County,30079,1,0.0%
Ravalli County,30081,1,35.4%
Richland County,30083,1,2.1%
Roosevelt County,30085,2,56.1%
Rosebud County,30087,1,35.6%
Sanders County,30089,1,0.8%
Sheridan County,30091,3,83.8%
Silver Bow County,30093,3,87.3%
Stillwater County,30095,3,91.7%
Sweet Grass County,30097,3,92.7%
Teton County,30099,1,30.5%
Toole County,30101,1,1.8%
Treasure County,30103,2,52.5%
Valley County,30105,3,80.1%
Wheatland County,30107,3,92.9%
Wibaux County,30109,1,2.7%
Yellowstone County,30111,3,98.6%
Adams County,31001,3,93.9%
Antelope County,31003,3,72.0%
Arthur County,31005,2,47.7%
Banner County,31007,1,0.0%
Blaine County,31009,1,33.5%
Boone County,31011,2,42.8%
Box Butte County,31013,3,93.9%
Boyd County,31015,3,99.2%
Brown County,31017,3,80.8%
Buffalo County,31019,3,99.2%
Burt County,31021,3,84.1%
Butler County,31023,3,93.3%
Cass County,31025,3,76.7%
Cedar County,31027,2,62.2%
Chase County,31029,1,17.2%
Cherry County,31031,2,50.7%
Cheyenne County,31033,3,87.9%
Clay County,31035,3,78.5%
Colfax County,31037,2,66.8%
Cuming County,31039,2,55.1%
Custer County,31041,1,2.0%
Dakota County,31043,3,90.4%
Dawes County,31045,1,3.2%
Dawson County,31047,3,98.4%
Deuel County,31049,2,48.2%
Dixon County,31051,3,71.1%
Dodge County,31053,3,85.9%
Douglas County,31055,3,98.8%
Dundy County,31057,3,78.7%
Fillmore County,31059,2,55.1%
Franklin County,31061,2,55.0%
Frontier County,31063,1,32.1%
Furnas County,31065,2,40.6%
Gage County,31067,3,72.8%
Garden County,31069,1,2.3%
Garfield County,31071,2,6.0%
Gosper County,31073,1,39.9%
Grant County,31075,1,22.9%
Greeley County,31077,1,29.6%
Hall County,31079,3,98.1%
Hamilton County,31081,1,22.3%
Harlan County,31083,3,81.9%
Hayes County,31085,1,17.5%
Hitchcock County,31087,1,33.6%
Holt County,31089,2,58.9%
Hooker County,31091,1,3.9%
Howard County,31093,3,97.7%
Jefferson County,31095,2,58.7%
Johnson County,31097,2,62.7%
Kearney County,31099,3,99.3%
Keith County,31101,3,90.4%
Keya Paha County,31103,3,96.9%
Kimball County,31105,2,68.8%
Knox County,31107,1,2.1%
Lancaster County,31109,3,98.2%
Lincoln County,31111,3,95.7%
Logan County,31113,1,0.4%
Loup County,31115,1,3.2%
Madison County,31119,3,98.9%
McPherson County,31117,1,0.0%
Merrick County,31121,3,99.9%
Morrill County,31123,2,54.4%
Nance County,31125,3,99.9%
Nemaha County,31127,2,69.4%
Nuckolls County,31129,2,51.6%
Otoe County,31131,3,73.6%
Pawnee County,31133,2,50.3%
Perkins County,31135,2,48.6%
Phelps County,31137,3,99.2%
Pierce County,31139,3,73.9%
Platte County,31141,3,96.2%
Polk County,31143,3,99.9%
Red Willow County,31145,2,7.2%
Richardson County,31147,3,92.0%
Rock County,31149,1,16.0%
Saline County,31151,3,83.5%
Sarpy County,31153,3,94.8%
Saunders County,31155,3,97.6%
Scotts Bluff County,31157,3,85.9%
Seward County,31159,3,90.8%
Sheridan County,31161,1,3.2%
Sherman County,31163,2,55.5%
Sioux County,31165,3,8.7%
Stanton County,31167,3,87.9%
Thayer County,31169,2,45.4%
Thomas County,31171,1,26.2%
Thurston County,31173,1,18.9%
Valley County,31175,3,88.9%
Washington County,31177,3,82.1%
Wayne County,31179,3,74.2%
Webster County,31181,2,41.9%
Wheeler County,31183,2,52.4%
York County,31185,3,93.0%
Carson City,32510,3,98.7%
Churchill County,32001,3,88.2%
Clark County,32003,3,98.4%
Douglas County,32005,3,94.4%
Elko County,32007,3,79.0%
Esmeralda County,32009,2,68.3%
Eureka County,32011,1,28.8%
Humboldt County,32013,1,1.7%
Lander County,32015,2,5.1%
Lincoln County,32017,3,81.4%
Lyon County,32019,3,73.6%
Mineral County,32021,3,80.1%
Nye County,32023,3,94.2%
Pershing County,32027,1,27.0%
Storey County,32029,2,64.6%
Washoe County,32031,3,97.4%
White Pine County,32033,2,47.1%
Belknap County,33001,3,97.1%
Carroll County,33003,3,95.3%
Cheshire County,33005,2,69.2%
Coos County,33007,2,68.5%
Grafton County,33009,3,89.5%
Hillsborough County,33011,3,97.4%
Merrimack County,33013,3,96.2%
Rockingham County,33015,3,99.1%
Strafford County,33017,3,97.6%
Sullivan County,33019,3,81.4%
Atlantic County,34001,3,96.7%
Bergen County,34003,3,99.8%
Burlington County,34005,3,97.6%
Camden County,34007,3,98.4%
Cape May County,34009,3,98.2%
Cumberland County,34011,3,95.4%
Essex County,34013,3,99.0%
Gloucester County,34015,3,99.0%
Hudson County,34017,3,98.9%
Hunterdon County,34019,3,98.9%
Mercer County,34021,3,97.9%
Middlesex County,34023,3,99.0%
Monmouth County,34025,3,99.7%
Morris County,34027,1,100.0%
Ocean County,34029,3,98.7%
Passaic County,34031,1,100.0%
Salem County,34033,3,97.2%
Somerset County,34035,3,99.6%
Sussex County,34037,1,100.0%
Union County,34039,3,99.6%
Warren County,34041,3,99.2%
Bernalillo County,35001,3,98.7%
Catron County,35003,1,0.0%
Chaves County,35005,3,84.6%
Cibola County,35006,1,12.6%
Colfax County,35007,3,9.2%
Curry County,35009,3,92.5%
De Baca County,35011,1,14.6%
Dona Ana County,35NA,3,84.2%
Eddy County,35015,2,62.1%
Grant County,35017,3,76.7%
Guadalupe County,35019,2,43.7%
Harding County,35021,1,33.3%
Hidalgo County,35023,1,1.9%
Lea County,35025,3,85.9%
Lincoln County,35027,3,76.1%
Los Alamos County,35028,3,98.1%
Luna County,35029,2,62.0%
McKinley County,35031,1,34.8%
Mora County,35033,1,30.6%
Otero County,35035,3,78.9%
Quay County,35037,1,19.8%
Rio Arriba County,35039,1,39.2%
Roosevelt County,35041,3,77.4%
San Juan County,35045,2,69.2%
San Miguel County,35047,1,23.5%
Sandoval County,35043,3,89.1%
Santa Fe County,35049,3,87.1%
Sierra County,35051,3,75.5%
Socorro County,35053,1,0.1%
Taos County,35055,2,57.8%
Torrance County,35057,2,42.1%
Union County,35059,2,49.8%
Valencia County,35061,3,86.1%
Albany County,36001,3,99.2%
Allegany County,36003,3,72.9%
Bronx County,36005,3,99.1%
Broome County,36007,3,95.7%
Cattaraugus County,36009,2,69.7%
Cayuga County,36011,3,78.3%
Chautauqua County,36013,3,89.9%
Chemung County,36015,3,94.2%
Chenango County,36017,3,75.8%
Clinton County,36019,3,90.8%
Columbia County,36021,3,86.4%
Cortland County,36023,3,87.3%
Delaware County,36025,3,71.5%
Dutchess County,36027,3,99.9%
Erie County,36029,3,99.0%
Essex County,36031,3,87.2%
Franklin County,36033,3,81.8%
Fulton County,36035,3,91.4%
Genesee County,36037,3,94.9%
Greene County,36039,3,91.0%
Hamilton County,36041,1,21.8%
Herkimer County,36043,3,85.1%
Jefferson County,36045,3,86.6%
Kings County,36047,1,100.0%
Lewis County,36049,3,71.6%
Livingston County,36051,3,87.2%
Madison County,36053,3,89.6%
Monroe County,36055,3,99.8%
Montgomery County,36057,3,83.4%
Nassau County,36059,1,100.0%
New York County,36061,3,99.4%
Niagara County,36063,3,98.7%
Oneida County,36065,3,95.5%
Onondaga County,36067,3,99.3%
Ontario County,36069,3,93.1%
Orange County,36071,3,99.8%
Orleans County,36073,3,96.8%
Oswego County,36075,3,92.5%
Otsego County,36077,3,77.2%
Putnam County,36079,3,99.3%
Queens County,36081,3,99.8%
Rensselaer County,36083,3,99.5%
Richmond County,36085,1,100.0%
Rockland County,36087,1,100.0%
Saratoga County,36091,3,99.9%
Schenectady County,36093,3,99.5%
Schoharie County,36095,3,76.4%
Schuyler County,36097,3,76.4%
Seneca County,36099,3,78.8%
St. Lawrence County,36089,3,89.0%
Steuben County,36101,3,81.3%
Suffolk County,36103,1,100.0%
Sullivan County,36105,3,97.6%
Tioga County,36107,3,92.3%
Tompkins County,36109,3,96.0%
Ulster County,36111,3,99.2%
Warren County,36113,3,92.2%
Washington County,36115,3,96.5%
Wayne County,36117,3,93.7%
Westchester County,36119,1,100.0%
Wyoming County,36121,3,83.9%
Yates County,36123,3,70.3%
Alamance County,37001,3,98.2%
Alexander County,37003,3,84.2%
Alleghany County,37005,3,92.9%
Anson County,37007,3,71.0%
Ashe County,37009,3,90.4%
Avery County,37011,3,95.4%
Beaufort County,37013,3,86.8%
Bertie County,37015,3,70.3%
Bladen County,37017,2,69.4%
Brunswick County,37019,3,85.5%
Buncombe County,37021,3,98.2%
Burke County,37023,3,96.7%
Cabarrus County,37025,3,99.0%
Caldwell County,37027,3,97.2%
Camden County,37029,3,94.0%
Carteret County,37031,3,99.8%
Caswell County,37033,2,50.7%
Catawba County,37035,3,99.0%
Chatham County,37037,3,73.4%
Cherokee County,37039,2,69.1%
Chowan County,37041,3,83.7%
Clay County,37043,2,50.3%
Cleveland County,37045,3,94.6%
Columbus County,37047,3,81.0%
Craven County,37049,3,93.5%
Cumberland County,37051,3,99.4%
Currituck County,37053,3,95.7%
Dare County,37055,3,99.3%
Davidson County,37057,3,93.9%
Davie County,37059,3,99.2%
Duplin County,37061,2,62.6%
Durham County,37063,3,98.8%
Edgecombe County,37065,3,84.6%
Forsyth County,37067,1,100.0%
Franklin County,37069,3,84.9%
Gaston County,37071,3,99.8%
Gates County,37073,2,58.9%
Graham County,37075,2,44.4%
Granville County,37077,3,78.1%
Greene County,37079,1,33.6%
Guilford County,37081,3,99.3%
Halifax County,37083,3,83.5%
Harnett County,37085,3,94.5%
Haywood County,37087,3,80.4%
Henderson County,37089,3,84.4%
Hertford County,37091,3,81.2%
Hoke County,37093,3,85.7%
Hyde County,37095,1,14.6%
Iredell County,37097,3,97.3%
Jackson County,37099,1,35.6%
Johnston County,37101,3,93.9%
Jones County,37103,2,55.1%
Lee County,37105,3,96.4%
Lenoir County,37107,3,86.1%
Lincoln County,37109,3,97.5%
Macon County,37113,2,53.2%
Madison County,37115,1,100.0%
Martin County,37117,3,76.4%
McDowell County,37111,3,74.9%
Mecklenburg County,37119,1,100.0%
Mitchell County,37121,3,89.8%
Montgomery County,37123,2,49.3%
Moore County,37125,3,88.9%
Nash County,37127,3,90.6%
New Hanover County,37129,3,99.7%
Northampton County,37131,3,75.1%
Onslow County,37133,3,97.6%
Orange County,37135,3,92.5%
Pamlico County,37137,3,89.3%
Pasquotank County,37139,3,99.9%
Pender County,37141,3,78.0%
Perquimans County,37143,3,82.6%
Person County,37145,3,85.2%
Pitt County,37147,3,94.5%
Polk County,37149,2,63.7%
Randolph County,37151,3,96.5%
Richmond County,37153,3,92.4%
Robeson County,37155,3,84.0%
Rockingham County,37157,3,96.6%
Rowan County,37159,3,97.7%
Rutherford County,37161,2,64.1%
Sampson County,37163,2,53.7%
Scotland County,37165,3,90.4%
Stanly County,37167,3,97.3%
Stokes County,37169,3,94.4%
Surry County,37171,3,98.1%
Swain County,37173,2,46.2%
Transylvania County,37175,2,67.1%
Tyrrell County,37177,2,60.1%
Union County,37179,3,98.3%
Vance County,37181,3,95.9%
Wake County,37183,3,99.6%
Warren County,37185,2,66.2%
Washington County,37187,3,81.0%
Watauga County,37189,3,96.9%
Wayne County,37191,3,96.5%
Wilkes County,37193,3,99.0%
Wilson County,37195,3,98.3%
Yadkin County,37197,3,99.1%
Yancey County,37199,3,89.4%
Adams County,38001,3,90.7%
Barnes County,38003,3,91.3%
Benson County,38005,1,38.1%
Billings County,38007,2,44.4%
Bottineau County,38009,3,89.8%
Bowman County,38011,3,99.0%
Burke County,38013,2,54.8%
Burleigh County,38015,3,96.5%
Cass County,38017,3,93.4%
Cavalier County,38019,3,94.1%
Dickey County,38021,1,100.0%
Divide County,38023,3,78.0%
Dunn County,38025,3,98.3%
Eddy County,38027,3,83.4%
Emmons County,38029,1,100.0%
Foster County,38031,1,100.0%
Golden Valley County,38033,1,2.5%
Grand Forks County,38035,3,92.0%
Grant County,38037,3,95.3%
Griggs County,38039,3,92.5%
Hettinger County,38041,1,100.0%
Kidder County,38043,3,99.6%
LaMoure County,38045,1,100.0%
Logan County,38047,1,100.0%
McHenry County,38049,3,76.6%
McIntosh County,38051,1,100.0%
McKenzie County,38053,3,72.9%
McLean County,38055,3,88.7%
Mercer County,38057,1,100.0%
Morton County,38059,3,91.3%
Mountrail County,38061,3,83.2%
Nelson County,38063,1,100.0%
Oliver County,38065,3,92.0%
Pembina County,38067,1,100.0%
Pierce County,38069,3,97.9%
Ramsey County,38071,3,95.3%
Ransom County,38073,3,99.3%
Renville County,38075,3,89.2%
Richland County,38077,3,87.7%
Rolette County,38079,3,90.8%
Sargent County,38081,3,99.8%
Sheridan County,38083,3,94.5%
Sioux County,38085,3,96.8%
Slope County,38087,3,98.4%
Stark County,38089,3,96.7%
Steele County,38091,3,70.7%
Stutsman County,38093,3,96.0%
Towner County,38095,3,71.5%
Traill County,38097,3,85.7%
Walsh County,38099,3,90.3%
Ward County,38101,3,90.8%
Wells County,38103,3,96.7%
Williams County,38105,3,74.6%
Adams County,39001,2,51.3%
Allen County,39003,3,95.7%
Ashland County,39005,3,78.5%
Ashtabula County,39007,3,90.1%
Athens County,39009,2,67.1%
Auglaize County,39011,3,90.1%
Belmont County,39013,3,80.5%
Brown County,39015,2,64.4%
Butler County,39017,3,99.4%
Carroll County,39019,2,50.9%
Champaign County,39021,3,80.3%
Clark County,39023,3,98.9%
Clermont County,39025,3,99.3%
Clinton County,39027,3,75.2%
Columbiana County,39029,3,79.8%
Coshocton County,39031,2,66.7%
Crawford County,39033,3,84.4%
Cuyahoga County,39035,3,98.9%
Darke County,39037,3,83.3%
Defiance County,39039,3,88.4%
Delaware County,39041,3,96.5%
Erie County,39043,3,95.3%
Fairfield County,39045,3,92.2%
Fayette County,39047,3,84.2%
Franklin County,39049,3,99.9%
Fulton County,39051,3,81.7%
Gallia County,39053,1,32.9%
Geauga County,39055,3,85.4%
Greene County,39057,3,95.7%
Guernsey County,39059,3,73.3%
Hamilton County,39061,3,99.9%
Hancock County,39063,3,93.2%
Hardin County,39065,3,84.4%
Harrison County,39067,2,44.9%
Henry County,39069,3,75.4%
Highland County,39071,2,69.7%
Hocking County,39073,2,54.3%
Holmes County,39075,1,33.2%
Huron County,39077,3,81.2%
Jackson County,39079,3,70.0%
Jefferson County,39081,3,86.3%
Knox County,39083,3,72.4%
Lake County,39085,3,99.8%
Lawrence County,39087,3,85.8%
Licking County,39089,3,94.1%
Logan County,39091,3,80.8%
Lorain County,39093,3,89.7%
Lucas County,39095,3,98.4%
Madison County,39097,3,90.4%
Mahoning County,39099,3,98.2%
Marion County,39101,3,94.4%
Medina County,39103,3,98.0%
Meigs County,39105,2,54.7%
Mercer County,39107,3,92.8%
Miami County,39109,3,96.0%
Monroe County,39111,1,0.4%
Montgomery County,39113,3,99.6%
Morgan County,39115,2,47.8%
Morrow County,39117,2,61.6%
Muskingum County,39119,3,87.8%
Noble County,39121,2,50.8%
Ottawa County,39123,3,90.1%
Paulding County,39125,2,61.9%
Perry County,39127,2,58.0%
Pickaway County,39129,3,76.1%
Pike County,39131,3,74.4%
Portage County,39133,3,95.4%
Preble County,39135,3,98.4%
Putnam County,39137,2,68.5%
Richland County,39139,3,89.1%
Ross County,39141,3,91.8%
Sandusky County,39143,3,92.1%
Scioto County,39145,3,83.9%
Seneca County,39147,3,85.4%
Shelby County,39149,3,90.2%
Stark County,39151,3,84.5%
Summit County,39153,3,99.7%
Trumbull County,39155,3,95.1%
Tuscarawas County,39157,3,80.6%
Union County,39159,3,79.6%
Van Wert County,39161,3,87.0%
Vinton County,39163,1,37.8%
Warren County,39165,3,97.3%
Washington County,39167,3,75.7%
Wayne County,39169,2,53.8%
Williams County,39171,3,94.9%
Wood County,39173,3,92.2%
Wyandot County,39175,2,66.8%
Adair County,40001,1,14.0%
Alfalfa County,40003,2,61.8%
Atoka County,40005,2,49.0%
Beaver County,40007,2,66.5%
Beckham County,40009,2,66.0%
Blaine County,40011,2,61.3%
Bryan County,40013,3,88.6%
Caddo County,40015,1,16.9%
Canadian County,40017,3,80.0%
Carter County,40019,3,75.3%
Cherokee County,40021,2,52.0%
Choctaw County,40023,1,0.0%
Cimarron County,40025,2,69.6%
Cleveland County,40027,3,78.1%
Coal County,40029,2,58.0%
Comanche County,40031,3,89.2%
Cotton County,40033,2,40.1%
Craig County,40035,3,98.0%
Creek County,40037,2,62.8%
Custer County,40039,1,37.4%
Delaware County,40041,3,79.2%
Dewey County,40043,1,20.8%
Ellis County,40045,2,56.3%
Garfield County,40047,3,85.5%
Garvin County,40049,2,53.6%
Grady County,40051,2,63.9%
Grant County,40053,2,51.9%
Greer County,40055,2,47.3%
Harmon County,40057,2,59.3%
Harper County,40059,3,77.4%
Haskell County,40061,1,36.5%
Hughes County,40063,1,34.9%
Jackson County,40065,3,78.1%
Jefferson County,40067,1,2.6%
Johnston County,40069,2,56.1%
Kay County,40071,2,65.4%
Kingfisher County,40073,2,57.1%
Kiowa County,40075,2,56.9%
Latimer County,40077,2,43.1%
Le Flore County,40079,2,47.8%
Lincoln County,40081,1,36.3%
Logan County,40083,2,61.2%
Love County,40085,2,42.0%
Major County,40093,1,22.4%
Marshall County,40095,3,94.0%
Mayes County,40097,3,86.5%
McClain County,40087,2,59.4%
McCurtain County,40089,1,0.0%
McIntosh County,40091,1,30.2%
Murray County,40099,2,60.5%
Muskogee County,40101,2,67.7%
Noble County,40103,2,45.8%
Nowata County,40105,3,85.3%
Okfuskee County,40107,2,5.8%
Oklahoma County,40109,3,93.0%
Okmulgee County,40111,2,58.8%
Osage County,40113,2,42.5%
Ottawa County,40115,3,92.9%
Pawnee County,40117,1,0.0%
Payne County,40119,3,72.1%
Pittsburg County,40121,2,65.6%
Pontotoc County,40123,3,87.7%
Pottawatomie County,40125,3,79.9%
Pushmataha County,40127,1,0.1%
Roger Mills County,40129,1,13.1%
Rogers County,40131,3,95.3%
Seminole County,40133,2,68.8%
Sequoyah County,40135,1,27.1%
Stephens County,40137,3,90.2%
Texas County,40139,3,82.4%
Tillman County,40141,3,82.9%
Tulsa County,40143,3,97.2%
Wagoner County,40145,3,84.2%
Washington County,40147,3,81.5%
Washita County,40149,2,57.9%
Woods County,40151,3,82.7%
Woodward County,40153,1,13.3%
Baker County,41001,2,5.9%
Benton County,41003,3,98.8%
Clackamas County,41005,3,93.1%
Clatsop County,41007,3,82.4%
Columbia County,41009,2,69.9%
Coos County,41011,3,87.3%
Crook County,41013,3,94.2%
Curry County,41015,3,93.2%
Deschutes County,41017,3,96.2%
Douglas County,41019,3,87.4%
Gilliam County,41021,1,3.8%
Grant County,41023,2,53.2%
Harney County,41025,1,17.0%
Hood River County,41027,2,67.8%
Jackson County,41029,3,89.1%
Jefferson County,41031,3,82.9%
Josephine County,41033,3,76.4%
Klamath County,41035,3,82.8%
Lake County,41037,2,46.4%
Lane County,41039,3,84.9%
Lincoln County,41041,3,89.0%
Linn County,41043,3,96.9%
Malheur County,41045,3,74.1%
Marion County,41047,3,95.1%
Morrow County,41049,2,56.0%
Multnomah County,41051,3,97.7%
Polk County,41053,3,93.7%
Sherman County,41055,2,6.0%
Tillamook County,41057,3,93.1%
Umatilla County,41059,3,86.1%
Union County,41061,2,64.5%
Wallowa County,41063,3,92.1%
Wasco County,41065,3,77.5%
Washington County,41067,3,96.6%
Wheeler County,41069,1,0.0%
Yamhill County,41071,3,79.7%
Adams County,42001,3,93.9%
Allegheny County,42003,3,99.2%
Armstrong County,42005,3,91.5%
Beaver County,42007,3,98.3%
Bedford County,42009,3,76.3%
Berks County,42011,3,97.8%
Blair County,42013,3,93.9%
Bradford County,42015,2,60.8%
Bucks County,42017,3,98.5%
Butler County,42019,3,96.4%
Cambria County,42021,3,91.0%
Cameron County,42023,3,91.6%
Carbon County,42025,3,97.5%
Centre County,42027,3,90.2%
Chester County,42029,3,98.9%
Clarion County,42031,3,82.1%
Clearfield County,42033,3,82.1%
Clinton County,42035,3,93.0%
Columbia County,42037,3,78.3%
Crawford County,42039,3,74.7%
Cumberland County,42041,3,95.4%
Dauphin County,42043,3,98.4%
Delaware County,42045,3,99.2%
Elk County,42047,3,94.9%
Erie County,42049,3,93.7%
Fayette County,42051,3,89.1%
Forest County,42053,3,70.1%
Franklin County,42055,3,91.1%
Fulton County,42057,2,43.6%
Greene County,42059,3,75.8%
Huntingdon County,42061,3,83.7%
Indiana County,42063,3,78.6%
Jefferson County,42065,3,86.0%
Juniata County,42067,2,69.4%
Lackawanna County,42069,3,88.2%
Lancaster County,42071,3,97.8%
Lawrence County,42073,3,95.6%
Lebanon County,42075,3,97.9%
Lehigh County,42077,3,99.9%
Luzerne County,42079,3,96.4%
Lycoming County,42081,3,90.3%
McKean County,42083,3,87.9%
Mercer County,42085,3,88.5%
Mifflin County,42087,3,72.2%
Monroe County,42089,3,99.1%
Montgomery County,42091,3,98.8%
Montour County,42093,3,72.4%
Northampton County,42095,1,100.0%
Northumberland County,42097,3,84.7%
Perry County,42099,3,82.7%
Philadelphia County,42101,3,98.9%
Pike County,42103,3,98.9%
Potter County,42105,2,67.3%
Schuylkill County,42107,3,92.5%
Snyder County,42109,2,63.0%
Somerset County,42111,3,82.8%
Sullivan County,42113,1,28.8%
Susquehanna County,42115,1,37.3%
Tioga County,42117,2,69.9%
Union County,42119,2,65.6%
Venango County,42121,3,87.3%
Warren County,42123,2,60.2%
Washington County,42125,3,94.2%
Wayne County,42127,2,61.4%
Westmoreland County,42129,3,97.6%
Wyoming County,42131,3,88.4%
York County,42133,3,96.8%
Bristol County,44001,1,100.0%
Kent County,44003,3,98.7%
Newport County,44005,3,94.3%
Providence County,44007,3,98.4%
Washington County,44009,3,97.7%
Abbeville County,45001,3,94.6%
Aiken County,45003,3,88.3%
Allendale County,45005,2,54.3%
Anderson County,45007,3,94.5%
Bamberg County,45009,2,61.2%
Barnwell County,45011,3,76.5%
Beaufort County,45013,3,93.5%
Berkeley County,45015,3,91.0%
Calhoun County,45017,2,57.8%
Charleston County,45019,3,94.0%
Cherokee County,45021,3,85.6%
Chester County,45023,2,56.7%
Chesterfield County,45025,1,34.7%
Clarendon County,45027,3,81.9%
Colleton County,45029,3,72.5%
Darlington County,45031,3,87.7%
Dillon County,45033,3,75.4%
Dorchester County,45035,3,87.8%
Edgefield County,45037,2,62.2%
Fairfield County,45039,2,52.1%
Florence County,45041,3,92.4%
Georgetown County,45043,3,87.8%
Greenville County,45045,3,97.6%
Greenwood County,45047,3,86.6%
Hampton County,45049,2,47.5%
Horry County,45051,3,99.5%
Jasper County,45053,2,58.0%
Kershaw County,45055,3,75.9%
Lancaster County,45057,3,86.9%
Laurens County,45059,3,79.5%
Lee County,45061,2,63.1%
Lexington County,45063,3,93.0%
Marion County,45067,2,69.7%
Marlboro County,45069,1,0.6%
McCormick County,45065,2,40.2%
Newberry County,45071,2,68.9%
Oconee County,45073,2,65.2%
Orangeburg County,45075,2,55.1%
Pickens County,45077,3,90.1%
Richland County,45079,3,96.5%
Saluda County,45081,1,28.7%
Spartanburg County,45083,3,94.2%
Sumter County,45085,3,94.2%
Union County,45087,3,78.8%
Williamsburg County,45089,2,67.0%
York County,45091,3,94.6%
Aurora County,46003,3,88.2%
Beadle County,46005,3,78.9%
Bennett County,46007,3,90.5%
Bon Homme County,46009,2,66.1%
Brookings County,46011,3,95.9%
Brown County,46013,3,99.4%
Brule County,46015,1,100.0%
Buffalo County,46017,3,90.8%
Butte County,46019,3,79.7%
Campbell County,46021,3,73.4%
Charles Mix County,46023,1,35.1%
Clark County,46025,3,88.3%
Clay County,46027,3,92.8%
Codington County,46029,3,85.4%
Corson County,46031,2,69.8%
Custer County,46033,2,50.3%
Davison County,46035,3,89.8%
Day County,46037,3,74.7%
Deuel County,46039,3,97.0%
Dewey County,46041,1,1.7%
Douglas County,46043,3,85.3%
Edmunds County,46045,3,99.3%
Fall River County,46047,3,89.5%
Faulk County,46049,1,100.0%
Grant County,46051,2,69.5%
Gregory County,46053,3,91.2%
Haakon County,46055,3,93.5%
Hamlin County,46057,2,52.9%
Hand County,46059,3,81.2%
Hanson County,46061,3,80.7%
Harding County,46063,1,24.6%
Hughes County,46065,3,93.0%
Hutchinson County,46067,3,97.0%
Hyde County,46069,1,100.0%
Jackson County,46071,3,73.5%
Jerauld County,46073,3,95.2%
Jones County,46075,2,50.7%
Kingsbury County,46077,2,56.8%
Lake County,46079,3,87.9%
Lawrence County,46081,3,92.6%
Lincoln County,46083,3,97.7%
Lyman County,46085,3,73.1%
Marshall County,46091,3,83.8%
McCook County,46087,3,87.7%
McPherson County,46089,3,85.5%
Meade County,46093,3,88.4%
Mellette County,46095,2,58.8%
Miner County,46097,3,94.9%
Minnehaha County,46099,3,99.4%
Moody County,46101,2,64.9%
Pennington County,46103,3,90.8%
Perkins County,46105,1,11.5%
Potter County,46107,1,100.0%
Roberts County,46109,2,61.9%
Sanborn County,46111,2,64.6%
Spink County,NANA,3,99.1%
Stanley County,NANA,3,88.3%
Sully County,NANA,1,100.0%
Todd County,NANA,2,59.1%
Tripp County,NANA,3,90.1%
Turner County,NANA,2,67.8%
Union County,NANA,3,94.3%
Walworth County,NANA,3,98.9%
Yankton County,NANA,3,94.3%
Ziebach County,NANA,1,12.1%
Anderson County,47001,3,95.4%
Bedford County,47003,3,95.8%
Benton County,47005,1,35.4%
Bledsoe County,47007,1,25.4%
Blount County,47009,3,97.4%
Bradley County,47011,3,96.2%
Campbell County,47013,3,82.3%
Cannon County,47015,3,99.6%
Carroll County,47017,2,67.6%
Carter County,47019,3,95.5%
Cheatham County,47021,3,94.8%
Chester County,47023,2,49.3%
Claiborne County,47025,3,92.2%
Clay County,47027,3,95.4%
Cocke County,47029,2,68.1%
Coffee County,47031,3,90.7%
Crockett County,47033,2,67.0%
Cumberland County,47035,2,56.8%
Davidson County,47037,3,97.0%
DeKalb County,47041,3,98.4%
Decatur County,47039,2,54.0%
Dickson County,47043,3,82.5%
Dyer County,47045,3,90.4%
Fayette County,47047,3,78.7%
Fentress County,47049,3,98.3%
Franklin County,47051,3,97.4%
Gibson County,47053,3,73.8%
Giles County,47055,3,95.9%
Grainger County,47057,2,62.3%
Greene County,47059,1,100.0%
Grundy County,47061,3,78.4%
Hamblen County,47063,3,97.6%
Hamilton County,47065,3,98.7%
Hancock County,47067,2,62.8%
Hardeman County,47069,2,51.4%
Hardin County,47071,3,95.9%
Hawkins County,47073,3,70.8%
Haywood County,47075,2,62.0%
Henderson County,47077,2,62.6%
Henry County,47079,3,84.9%
Hickman County,47081,2,58.6%
Houston County,47083,2,46.7%
Humphreys County,47085,1,39.0%
Jackson County,47087,3,91.4%
Jefferson County,47089,2,68.0%
Johnson County,47091,3,92.8%
Knox County,47093,3,98.2%
Lake County,47095,2,61.7%
Lauderdale County,47097,2,67.0%
Lawrence County,47099,3,88.8%
Lewis County,47101,3,87.7%
Lincoln County,47103,3,96.7%
Loudon County,47105,3,92.1%
Macon County,47111,3,88.5%
Madison County,47113,3,94.4%
Marion County,47115,3,84.3%
Marshall County,47117,3,91.6%
Maury County,47119,3,92.5%
McMinn County,47107,3,76.5%
McNairy County,47109,2,64.3%
Meigs County,47121,1,35.4%
Monroe County,47123,2,65.0%
Montgomery County,47125,3,91.6%
Moore County,47127,3,99.4%
Morgan County,47129,1,100.0%
Obion County,47131,3,71.1%
Overton County,47133,3,82.7%
Perry County,47135,1,33.3%
Pickett County,47137,3,92.1%
Polk County,47139,3,79.9%
Putnam County,47141,3,94.0%
Rhea County,47143,2,60.8%
Roane County,47145,3,84.0%
Robertson County,47147,3,82.4%
Rutherford County,47149,3,97.7%
Scott County,47151,1,100.0%
Sequatchie County,47153,2,41.6%
Sevier County,47155,3,89.7%
Shelby County,47157,3,98.0%
Smith County,47159,3,86.8%
Stewart County,47161,2,61.8%
Sullivan County,47163,1,100.0%
Sumner County,47165,3,96.7%
Tipton County,47167,3,85.0%
Trousdale County,47169,2,68.6%
Unicoi County,47171,3,94.0%
Union County,47173,3,75.4%
Van Buren County,47175,3,78.9%
Warren County,47177,3,99.6%
Washington County,47179,3,97.8%
Wayne County,47181,2,53.0%
Weakley County,47183,2,57.0%
White County,47185,3,98.8%
Williamson County,47187,3,93.1%
Wilson County,47189,3,94.8%
Anderson County,48001,2,44.2%
Andrews County,48003,3,80.5%
Angelina County,48005,3,77.3%
Aransas County,48007,3,99.5%
Archer County,48009,3,71.8%
Armstrong County,48011,1,31.5%
Atascosa County,48013,3,99.7%
Austin County,48015,3,85.1%
Bailey County,48017,3,72.9%
Bandera County,48019,2,47.7%
Bastrop County,48021,3,99.9%
Baylor County,48023,3,99.6%
Bee County,48025,1,100.0%
Bell County,48027,3,94.7%
Bexar County,48029,3,99.9%
Blanco County,48031,3,85.7%
Borden County,48033,1,31.1%
Bosque County,48035,1,100.0%
Bowie County,48037,3,88.9%
Brazoria County,48039,3,86.7%
Brazos County,48041,3,99.3%
Brewster County,48043,2,63.7%
Briscoe County,48045,3,70.6%
Brooks County,48047,3,96.4%
Brown County,48049,3,99.6%
Burleson County,48051,2,62.9%
Burnet County,48053,3,91.3%
Caldwell County,48055,1,100.0%
Calhoun County,48057,3,83.2%
Callahan County,48059,2,47.4%
Cameron County,48061,3,99.4%
Camp County,48063,2,48.3%
Carson County,48065,3,70.2%
Cass County,48067,2,49.3%
Castro County,48069,2,51.5%
Chambers County,48071,3,89.7%
Cherokee County,48073,1,36.1%
Childress County,48075,1,3.2%
Clay County,48077,3,8.1%
Cochran County,48079,2,54.4%
Coke County,48081,3,88.7%
Coleman County,48083,1,26.1%
Collin County,48085,1,100.0%
Collingsworth County,48087,2,46.8%
Colorado County,48089,3,90.1%
Comal County,48091,3,96.2%
Comanche County,48093,3,8.4%
Concho County,48095,1,0.4%
Cooke County,48097,3,91.7%
Coryell County,48099,3,95.6%
Cottle County,48101,3,85.5%
Crane County,48103,1,0.0%
Crockett County,48105,1,0.0%
Crosby County,48107,3,91.2%
Culberson County,48109,2,40.2%
Dallam County,48111,3,74.3%
Dallas County,48113,1,100.0%
Dawson County,48115,1,28.3%
DeWitt County,48123,3,99.9%
Deaf Smith County,48117,3,85.8%
Delta County,48119,3,84.6%
Denton County,48121,1,100.0%
Dickens County,48125,3,74.5%
Dimmit County,48127,3,80.8%
Donley County,48129,2,66.1%
Duval County,48131,2,67.5%
Eastland County,48133,2,6.4%
Ector County,48135,3,72.9%
Edwards County,48137,1,2.0%
El Paso County,48141,3,97.0%
Ellis County,48139,1,100.0%
Erath County,48143,3,99.5%
Falls County,48145,1,39.0%
Fannin County,48147,3,78.3%
Fayette County,48149,3,96.5%
Fisher County,48151,2,7.8%
Floyd County,48153,3,82.5%
Foard County,48155,3,99.7%
Fort Bend County,48157,3,96.3%
Franklin County,48159,2,50.3%
Freestone County,48161,1,26.0%
Frio County,48163,3,99.5%
Gaines County,48165,3,81.5%
Galveston County,48167,3,95.4%
Garza County,48169,3,95.1%
Gillespie County,48171,2,63.0%
Glasscock County,48173,3,78.5%
Goliad County,48175,3,94.5%
Gonzales County,48177,3,99.9%
Gray County,48179,3,96.4%
Grayson County,48181,3,96.5%
Gregg County,48183,3,89.3%
Grimes County,48185,3,80.4%
Guadalupe County,48187,1,100.0%
Hale County,48189,3,81.4%
Hall County,48191,2,49.4%
Hamilton County,48193,3,94.2%
Hansford County,48195,2,59.7%
Hardeman County,48197,1,11.3%
Hardin County,48199,3,78.2%
Harris County,48201,3,94.0%
Harrison County,48203,3,76.7%
Hartley County,48205,2,52.8%
Haskell County,48207,3,97.8%
Hays County,48209,3,95.9%
Hemphill County,48211,1,3.0%
Henderson County,48213,2,64.3%
Hidalgo County,48215,3,98.5%
Hill County,48217,1,100.0%
Hockley County,48219,3,88.2%
Hood County,48221,1,100.0%
Hopkins County,48223,2,58.4%
Houston County,48225,2,43.9%
Howard County,48227,3,93.9%
Hudspeth County,48229,2,6.7%
Hunt County,48231,3,90.0%
Hutchinson County,48233,3,92.0%
Irion County,48235,2,67.7%
Jack County,48237,3,98.8%
Jackson County,48239,2,59.5%
Jasper County,48241,1,35.5%
Jeff Davis County,48243,1,18.6%
Jefferson County,48245,3,91.8%
Jim Hogg County,48247,3,96.7%
Jim Wells County,48249,3,97.4%
Johnson County,48251,1,100.0%
Jones County,48253,1,28.0%
Karnes County,48255,1,100.0%
Kaufman County,48257,3,90.9%
Kendall County,48259,3,81.9%
Kenedy County,48261,1,1.0%
Kent County,48263,3,77.7%
Kerr County,48265,3,91.3%
Kimble County,48267,2,57.4%
King County,48269,2,45.3%
Kinney County,48271,1,0.0%
Kleberg County,48273,3,99.6%
Knox County,48275,3,99.9%
La Salle County,48283,3,75.0%
Lamar County,48277,2,69.7%
Lamb County,48279,2,56.4%
Lampasas County,48281,1,19.6%
Lavaca County,48285,3,93.8%
Lee County,48287,3,84.1%
Leon County,48289,2,53.1%
Liberty County,48291,2,65.6%
Limestone County,48293,1,21.3%
Lipscomb County,48295,3,73.2%
Live Oak County,48297,3,99.5%
Llano County,48299,3,94.9%
Loving County,48301,1,0.0%
Lubbock County,48303,3,99.0%
Lynn County,48305,3,70.3%
Madison County,48313,1,10.8%
Marion County,48315,2,56.9%
Martin County,48317,3,81.2%
Mason County,48319,2,66.8%
Matagorda County,48321,2,69.1%
Maverick County,48323,3,94.0%
McCulloch County,48307,1,2.4%
McLennan County,48309,3,99.0%
McMullen County,48311,3,91.9%
Medina County,48325,3,86.0%
Menard County,48327,1,1.9%
Midland County,48329,3,93.5%
Milam County,48331,2,58.2%
Mills County,48333,2,51.1%
Mitchell County,48335,3,79.3%
Montague County,48337,2,69.0%
Montgomery County,48339,3,98.8%
Moore County,48341,3,79.7%
Morris County,48343,2,61.7%
Motley County,48345,3,71.6%
Nacogdoches County,48347,3,72.6%
Navarro County,48349,3,90.0%
Newton County,48351,1,17.5%
Nolan County,48353,3,75.4%
Nueces County,48355,3,99.9%
Ochiltree County,48357,3,89.0%
Oldham County,48359,1,36.5%
Orange County,48361,3,85.8%
Palo Pinto County,48363,1,100.0%
Panola County,48365,2,47.7%
Parker County,48367,1,100.0%
Parmer County,48369,2,44.0%
Pecos County,48371,2,61.5%
Polk County,48373,2,43.1%
Potter County,48375,3,90.9%
Presidio County,48377,1,0.7%
Rains County,48379,1,16.0%
Randall County,48381,3,95.0%
Reagan County,48383,3,85.4%
Real County,48385,2,47.6%
Red River County,48387,2,64.1%
Reeves County,48389,2,50.6%
Refugio County,48391,3,87.1%
Roberts County,48393,1,2.8%
Robertson County,48395,2,68.0%
Rockwall County,48397,1,100.0%
Runnels County,48399,3,75.4%
Rusk County,48401,2,46.8%
Sabine County,48403,2,42.4%
San Augustine County,48405,2,6.2%
San Jacinto County,48407,1,25.5%
San Patricio County,48409,1,100.0%
San Saba County,48411,2,65.3%
Schleicher County,48413,1,100.0%
Scurry County,48415,3,76.0%
Shackelford County,48417,1,11.0%
Shelby County,48419,3,9.7%
Sherman County,48421,1,12.2%
Smith County,48423,3,88.0%
Somervell County,48425,1,100.0%
Starr County,48427,3,90.8%
Stephens County,48429,3,97.4%
Sterling County,48431,1,0.0%
Stonewall County,48433,3,80.5%
Sutton County,48435,1,0.6%
Swisher County,48437,3,74.3%
Tarrant County,48439,1,100.0%
Taylor County,48441,3,97.4%
Terrell County,48443,1,0.0%
Terry County,48445,3,93.5%
Throckmorton County,48447,1,15.6%
Titus County,48449,2,62.8%
Tom Green County,48451,3,92.5%
Travis County,48453,3,99.9%
Trinity County,48455,1,35.8%
Tyler County,48457,1,33.8%
Upshur County,48459,3,84.3%
Upton County,48461,1,0.4%
Uvalde County,48463,3,97.4%
Val Verde County,48465,3,96.5%
Van Zandt County,48467,1,22.1%
Victoria County,48469,3,98.9%
Walker County,48471,3,81.5%
Waller County,48473,2,66.4%
Ward County,48475,1,2.3%
Washington County,48477,3,77.1%
Webb County,48479,3,94.5%
Wharton County,48481,3,71.2%
Wheeler County,48483,3,86.0%
Wichita County,48485,3,97.5%
Wilbarger County,48487,3,94.4%
Willacy County,48489,1,100.0%
Williamson County,48491,3,97.5%
Wilson County,48493,1,100.0%
Winkler County,48495,1,10.9%
Wise County,48497,3,99.5%
Wood County,48499,2,42.7%
Yoakum County,48501,3,80.3%
Young County,48503,3,99.7%
Zapata County,48505,3,81.1%
Zavala County,48507,2,69.9%
Beaver County,49001,3,91.9%
Box Elder County,49003,3,93.3%
Cache County,49005,1,100.0%
Carbon County,49007,3,92.3%
Daggett County,49009,1,0.0%
Davis County,49011,1,100.0%
Duchesne County,49013,2,51.9%
Emery County,49015,3,85.0%
Garfield County,49017,3,98.1%
Grand County,49019,2,52.4%
Iron County,49021,3,96.5%
Juab County,49023,3,75.1%
Kane County,49025,3,88.3%
Millard County,49027,2,49.9%
Morgan County,49029,3,98.8%
Piute County,49031,1,100.0%
Rich County,49033,1,36.0%
Salt Lake County,49035,3,99.8%
San Juan County,49037,1,13.5%
Sanpete County,49039,3,86.3%
Sevier County,49041,2,64.8%
Summit County,49043,3,89.4%
Tooele County,49045,3,93.1%
Uintah County,49047,3,76.3%
Utah County,49049,3,97.2%
Wasatch County,49051,3,94.0%
Washington County,49053,3,97.6%
Wayne County,49055,3,90.0%
Weber County,49057,1,100.0%
Addison County,50001,3,86.8%
Bennington County,50003,3,93.1%
Caledonia County,50005,3,72.1%
Chittenden County,50007,3,97.1%
Essex County,50009,1,30.8%
Franklin County,50011,3,77.2%
Grand Isle County,50013,2,63.6%
Lamoille County,50015,3,70.1%
Orange County,50017,2,61.6%
Orleans County,50019,2,69.9%
Rutland County,50021,3,97.5%
Washington County,50023,3,90.8%
Windham County,50025,3,78.3%
Windsor County,50027,3,90.6%
Accomack County,51001,3,70.2%
Albemarle County,51003,3,85.6%
Alexandria city,51510,3,98.5%
Alleghany County,51005,3,91.2%
Amelia County,51007,2,58.7%
Amherst County,51009,3,94.4%
Appomattox County,51011,3,70.6%
Arlington County,51013,3,98.4%
Augusta County,51015,3,79.7%
Bath County,51017,2,51.1%
Bedford County,51019,2,65.9%
Bedford city,51NA,1,100.0%
Bland County,51021,1,100.0%
Botetourt County,51023,3,75.0%
Bristol city,51520,1,100.0%
Brunswick County,51025,1,29.3%
Buchanan County,51027,3,91.9%
Buckingham County,51029,1,34.4%
Buena Vista city,51530,3,97.6%
Campbell County,51031,3,79.2%
Caroline County,51033,2,66.2%
Carroll County,51035,2,61.8%
Charles City County,51036,1,100.0%
Charlotte County,51037,1,29.2%
Charlottesville city,51540,3,98.4%
Chesapeake city,51550,3,98.0%
Chesterfield County,51041,3,97.5%
Clarke County,51043,2,63.6%
Colonial Heights city,51570,3,98.7%
Covington city,51580,3,99.7%
Craig County,51045,2,56.7%
Culpeper County,51047,3,98.0%
Cumberland County,51049,1,15.2%
Danville city,51590,3,99.2%
Dickenson County,51051,2,56.0%
Dinwiddie County,51053,2,54.5%
Emporia city,51595,3,97.7%
Essex County,51057,2,69.5%
Fairfax County,51059,3,97.8%
Fairfax city,51600,3,96.8%
Falls Church city,51610,3,92.4%
Fauquier County,51061,3,85.1%
Floyd County,51063,1,33.4%
Fluvanna County,51065,3,74.3%
Franklin County,51067,3,82.4%
Franklin city,51620,3,99.9%
Frederick County,51069,3,80.5%
Fredericksburg city,51630,3,93.7%
Galax city,51640,3,95.8%
Giles County,51071,3,91.9%
Gloucester County,51073,3,90.8%
Goochland County,51075,2,65.2%
Grayson County,51077,3,72.9%
Greene County,51079,3,85.5%
Greensville County,51081,1,25.5%
Halifax County,51083,2,49.7%
Hampton city,51650,3,96.5%
Hanover County,51085,3,79.9%
Harrisonburg city,51660,3,91.5%
Henrico County,51087,3,98.5%
Henry County,51089,3,96.5%
Highland County,51091,1,0.6%
Hopewell city,51670,3,98.3%
Isle of Wight County,51093,3,84.9%
James City County,51095,3,92.4%
King George County,51099,3,92.6%
King William County,51101,1,13.3%
King and Queen County,51097,1,17.3%
Lancaster County,51103,2,69.7%
Lee County,51105,3,87.3%
Lexington city,51678,3,97.5%
Loudoun County,51107,3,94.6%
Louisa County,51109,2,55.6%
Lunenburg County,51111,1,29.1%
Lynchburg city,51680,3,93.8%
Madison County,51113,3,92.7%
Manassas Park city,51685,3,98.1%
Manassas city,51683,3,97.0%
Martinsville city,51690,3,98.7%
Mathews County,51115,3,93.3%
Mecklenburg County,51117,2,64.1%
Middlesex County,51119,3,87.3%
Montgomery County,51121,3,84.5%
Nelson County,51125,3,93.2%
New Kent County,51127,3,76.2%
Newport News city,51700,3,97.3%
Norfolk city,51710,3,94.6%
Northampton County,51131,3,82.6%
Northumberland County,51133,3,81.7%
Norton city,51720,3,97.7%
Nottoway County,51135,2,48.0%
Orange County,51137,3,80.9%
Page County,51139,3,82.0%
Patrick County,51141,1,33.7%
Petersburg city,51730,3,98.4%
Pittsylvania County,51143,2,64.8%
Poquoson city,51735,3,98.8%
Portsmouth city,51740,3,97.5%
Powhatan County,51145,3,82.6%
Prince Edward County,51147,2,59.4%
Prince George County,51149,3,81.9%
Prince William County,51153,3,97.4%
Pulaski County,51155,3,86.8%
Radford city,51750,3,99.2%
Rappahannock County,51157,3,77.2%
Richmond County,51159,2,62.6%
Richmond city,51760,3,95.3%
Roanoke County,51161,3,96.3%
Roanoke city,51770,3,96.2%
Rockbridge County,51163,2,56.4%
Rockingham County,51165,3,82.5%
Russell County,51167,2,65.7%
Salem city,51775,3,96.3%
Scott County,51169,3,84.1%
Shenandoah County,51171,3,83.4%
Smyth County,51173,3,89.2%
Southampton County,51175,2,46.9%
Spotsylvania County,51177,3,97.3%
Stafford County,51179,3,99.0%
Staunton city,51790,3,98.0%
Suffolk city,51800,3,94.6%
Surry County,51181,1,0.0%
Sussex County,51183,1,32.7%
Tazewell County,51185,3,95.7%
Virginia Beach city,51810,3,97.2%
Warren County,51187,3,91.0%
Washington County,51191,3,93.6%
Waynesboro city,51820,3,98.2%
Westmoreland County,51193,3,89.2%
Williamsburg city,51830,2,66.0%
Winchester city,51840,3,99.2%
Wise County,51195,3,88.3%
Wythe County,51197,3,83.5%
York County,51199,3,97.5%
Adams County,53001,1,100.0%
Asotin County,53003,3,94.0%
Benton County,53005,1,100.0%
Chelan County,53007,3,94.1%
Clallam County,53009,3,79.0%
Clark County,53011,3,94.9%
Columbia County,53013,1,100.0%
Cowlitz County,53015,3,92.7%
Douglas County,53017,1,100.0%
Ferry County,53019,1,100.0%
Franklin County,53021,1,100.0%
Garfield County,53023,1,100.0%
Grant County,53025,1,100.0%
Grays Harbor County,53027,1,100.0%
Island County,53029,1,100.0%
Jefferson County,53031,3,81.8%
King County,53033,1,100.0%
Kitsap County,53035,3,97.1%
Kittitas County,53037,1,100.0%
Klickitat County,53039,1,100.0%
Lewis County,53041,3,71.6%
Lincoln County,53043,1,100.0%
Mason County,53045,3,88.2%
Okanogan County,53047,1,100.0%
Pacific County,53049,3,86.5%
Pend Oreille County,53051,1,100.0%
Pierce County,53053,1,100.0%
San Juan County,53055,1,100.0%
Skagit County,53057,1,100.0%
Skamania County,53059,2,42.9%
Snohomish County,53061,3,99.1%
Spokane County,53063,1,100.0%
Stevens County,53065,1,100.0%
Thurston County,53067,3,97.7%
Wahkiakum County,53069,1,15.6%
Walla Walla County,53071,1,100.0%
Whatcom County,53073,3,99.9%
Whitman County,53075,1,100.0%
Yakima County,53077,1,100.0%
Barbour County,54001,1,100.0%
Berkeley County,54003,3,94.4%
Boone County,54005,3,81.6%
Braxton County,54007,3,99.9%
Brooke County,54009,3,86.5%
Cabell County,54011,3,93.6%
Calhoun County,54013,1,0.0%
Clay County,54015,1,18.3%
Doddridge County,54017,3,70.2%
Fayette County,54019,2,68.9%
Gilmer County,54021,1,100.0%
Grant County,54023,2,46.7%
Greenbrier County,54025,2,65.5%
Hampshire County,54027,1,25.9%
Hancock County,54029,3,94.8%
Hardy County,54031,3,86.7%
Harrison County,54033,1,100.0%
Jackson County,54035,2,62.5%
Jefferson County,54037,3,97.9%
Kanawha County,54039,3,91.6%
Lewis County,54041,1,100.0%
Lincoln County,54043,3,70.3%
Logan County,54045,2,67.1%
Marion County,54049,1,100.0%
Marshall County,54051,3,78.9%
Mason County,54053,2,50.6%
McDowell County,54047,3,82.8%
Mercer County,54055,3,95.8%
Mineral County,54057,2,61.6%
Mingo County,54059,2,62.8%
Monongalia County,54061,3,98.0%
Monroe County,54063,3,71.0%
Morgan County,54065,2,67.7%
Nicholas County,54067,2,54.5%
Ohio County,54069,3,94.5%
Pendleton County,54071,1,25.2%
Pleasants County,54073,2,58.9%
Pocahontas County,54075,1,0.0%
Preston County,54077,2,58.7%
Putnam County,54079,3,80.3%
Raleigh County,54081,3,89.9%
Randolph County,54083,1,100.0%
Ritchie County,54085,1,13.7%
Roane County,54087,1,35.5%
Summers County,54089,2,53.9%
Taylor County,54091,2,64.9%
Tucker County,54093,2,53.7%
Tyler County,54095,1,29.3%
Upshur County,54097,1,100.0%
Wayne County,54099,3,79.5%
Webster County,54101,2,64.4%
Wetzel County,54103,2,45.4%
Wirt County,54105,2,43.8%
Wood County,54107,3,92.2%
Wyoming County,54109,3,93.3%
Adams County,55001,2,49.8%
Ashland County,55003,3,71.3%
Barron County,55005,2,64.6%
Bayfield County,55007,3,82.2%
Brown County,55009,3,94.9%
Buffalo County,55011,2,43.6%
Burnett County,55013,1,28.6%
Calumet County,55015,3,95.7%
Chippewa County,55017,3,83.3%
Clark County,55019,2,45.8%
Columbia County,55021,2,61.8%
Crawford County,55023,2,68.9%
Dane County,55025,3,95.6%
Dodge County,55027,3,76.6%
Door County,55029,2,57.0%
Douglas County,55031,3,77.7%
Dunn County,55033,3,70.5%
Eau Claire County,55035,3,91.3%
Florence County,55037,3,88.0%
Fond du Lac County,55039,3,84.0%
Forest County,55041,2,46.2%
Grant County,55043,3,72.2%
Green County,55045,3,83.3%
Green Lake County,55047,2,66.2%
Iowa County,55049,2,62.4%
Iron County,55051,2,58.4%
Jackson County,55053,2,51.4%
Jefferson County,55055,3,87.3%
Juneau County,55057,2,53.2%
Kenosha County,55059,3,98.4%
Kewaunee County,55061,2,45.2%
La Crosse County,55063,3,95.8%
Lafayette County,55065,2,52.9%
Langlade County,55067,2,53.4%
Lincoln County,55069,2,60.3%
Manitowoc County,55071,3,90.2%
Marathon County,55073,3,74.6%
Marinette County,55075,2,62.5%
Marquette County,55077,2,68.6%
Menominee County,55078,1,28.2%
Milwaukee County,55079,3,99.9%
Monroe County,55081,2,68.4%
Oconto County,55083,2,61.4%
Oneida County,55085,2,67.7%
Outagamie County,55087,3,93.9%
Ozaukee County,55089,3,98.4%
Pepin County,55091,2,67.1%
Pierce County,55093,2,69.8%
Polk County,55095,1,36.3%
Portage County,55097,3,86.5%
Price County,55099,1,32.6%
Racine County,55101,3,97.5%
Richland County,55103,2,50.2%
Rock County,55105,3,97.2%
Rusk County,55107,2,48.1%
Sauk County,55111,3,82.9%
Sawyer County,55113,2,68.1%
Shawano County,55115,2,55.8%
Sheboygan County,55117,1,100.0%
St. Croix County,55109,1,31.8%
Taylor County,55119,2,40.5%
Trempealeau County,55121,2,59.3%
Vernon County,55123,2,40.5%
Vilas County,55125,1,38.6%
Walworth County,55127,3,92.2%
Washburn County,55129,2,53.4%
Washington County,55131,3,93.2%
Waukesha County,55133,3,99.9%
Waupaca County,55135,2,66.0%
Waushara County,55137,2,41.8%
Winnebago County,55139,3,94.4%
Wood County,55141,3,84.5%
Albany County,56001,3,94.0%
Big Horn County,56003,1,28.0%
Campbell County,56005,3,88.8%
Carbon County,56007,3,70.3%
Converse County,56009,3,81.1%
Crook County,56011,1,38.3%
Fremont County,56013,2,60.0%
Goshen County,56015,2,47.2%
Hot Springs County,56017,3,70.3%
Johnson County,56019,3,79.2%
Laramie County,56021,3,89.0%
Lincoln County,56023,2,65.2%
Natrona County,56025,3,90.4%
Niobrara County,56027,2,5.4%
Park County,56029,2,64.6%
Platte County,56031,2,48.3%
Sheridan County,56033,3,86.3%
Sublette County,56035,1,0.0%
Sweetwater County,56037,3,99.6%
Teton County,56039,3,93.9%
Uinta County,56041,2,65.9%
Washakie County,56043,3,71.6%
Weston County,56045,1,23.0%
Western District,NANA,1,0.0%
Adjuntas Municipio,NANA,2,49.5%
Aguada Municipio,NANA,3,98.9%
Aguadilla Municipio,NANA,1,100.0%
Aguas Buenas Municipio,NANA,2,53.6%
Aibonito Municipio,NANA,2,56.5%
Anasco Municipio,NANA,3,90.8%
Arecibo Municipio,NANA,3,94.0%
Arroyo Municipio,NANA,3,97.9%
Barceloneta Municipio,NANA,3,99.9%
Barranquitas Municipio,NANA,3,72.7%
Bayamon Municipio,NANA,3,90.9%
Cabo Rojo Municipio,NANA,3,97.0%
Caguas Municipio,NANA,3,92.9%
Camuy Municipio,NANA,3,88.3%
Canovanas Municipio,NANA,3,85.1%
Carolina Municipio,NANA,3,94.9%
Catano Municipio,NANA,3,73.7%
Cayey Municipio,NANA,3,82.3%
Ceiba Municipio,NANA,3,96.8%
Ciales Municipio,NANA,3,87.0%
Cidra Municipio,NANA,3,70.5%
Coamo Municipio,NANA,3,92.9%
Comerio Municipio,NANA,2,67.6%
Corozal Municipio,NANA,2,67.5%
Culebra Municipio,NANA,1,0.0%
Dorado Municipio,NANA,3,98.1%
Fajardo Municipio,NANA,3,98.3%
Florida Municipio,NANA,3,93.9%
Guanica Municipio,NANA,3,99.1%
Guayama Municipio,NANA,3,92.8%
Guayanilla Municipio,NANA,3,84.9%
Guaynabo Municipio,NANA,3,86.1%
Gurabo Municipio,NANA,3,82.9%
Hatillo Municipio,NANA,3,95.7%
Hormigueros Municipio,NANA,3,99.9%
Humacao Municipio,NANA,3,97.3%
Isabela Municipio,NANA,3,93.4%
Jayuya Municipio,NANA,3,93.2%
Juana Diaz Municipio,NANA,3,98.4%
Juncos Municipio,NANA,3,94.9%
Lajas Municipio,NANA,3,92.5%
Lares Municipio,NANA,3,79.6%
Las Marias Municipio,NANA,2,53.0%
Las Piedras Municipio,NANA,3,86.4%
Loiza Municipio,NANA,3,98.6%
Luquillo Municipio,NANA,3,98.3%
Manati Municipio,NANA,3,97.8%
Maricao Municipio,NANA,1,37.8%
Maunabo Municipio,NANA,3,82.2%
Mayaguez Municipio,NANA,3,98.9%
Moca Municipio,NANA,3,97.4%
Morovis Municipio,NANA,3,84.8%
Naguabo Municipio,NANA,3,93.4%
Naranjito Municipio,NANA,2,64.9%
Orocovis Municipio,NANA,2,59.7%
Patillas Municipio,NANA,3,94.9%
Penuelas Municipio,NANA,3,89.7%
Ponce Municipio,NANA,3,97.5%
Quebradillas Municipio,NANA,3,93.8%
Rincon Municipio,NANA,3,97.8%
Rio Grande Municipio,NANA,3,95.5%
Sabana Grande Municipio,NANA,3,93.9%
Salinas Municipio,NANA,3,80.1%
San German Municipio,NANA,3,81.8%
San Juan Municipio,NANA,3,98.9%
San Lorenzo Municipio,NANA,2,56.7%
San Sebastian Municipio,NANA,3,74.6%
Santa Isabel Municipio,NANA,3,93.0%
Toa Alta Municipio,NANA,2,64.3%
Toa Baja Municipio,NANA,3,87.1%
Trujillo Alto Municipio,NANA,3,80.5%
Utuado Municipio,NANA,3,85.7%
Vega Alta Municipio,NANA,3,94.1%
Vega Baja Municipio,NANA,3,95.7%
Vieques Municipio,NANA,1,16.7%
Villalba Municipio,NANA,3,90.7%
Yabucoa Municipio,NANA,3,83.8%
Yauco Municipio,NANA,3,86.9%